t,ros_time,controller,trajectory,run_id,odom_stamp,odom_x,odom_y,odom_yaw,odom_v,odom_w,camera_stamp,camera_x,camera_y,camera_yaw,desired_stamp,desired_x,desired_y,desired_yaw,error_stamp,error_ex,error_ey,error_etheta,cmd_stamp,cmd_v,cmd_w,robot_state_stamp,rpm_l_x10,rpm_r_x10,gyro_z_x1000,espnow_link_stamp,espnow_rx_time,espnow_robot_time_ms,espnow_seq,espnow_interarrival_ms,espnow_seq_gap
0.0,1784269747.9146624,BSMC,square,optuna_t001_r02,nan,nan,nan,nan,nan,nan,1784269747.8836179,0.43473705649375916,-0.5564035773277283,0.10081974201797662,nan,nan,nan,nan,nan,nan,nan,nan,nan,nan,nan,nan,nan,nan,nan,nan,nan,nan,nan,nan,nan
0.03964114189147949,1784269747.9543035,BSMC,square,optuna_t001_r02,1784269747.9137485,0.4347369404481787,-0.5564057195236011,0.10082826862161717,1.458921943367911e-07,-0.0001346186352919807,1784269747.9309793,0.43473705649375916,-0.5564035773277283,0.10081974201797662,nan,nan,nan,nan,nan,nan,nan,nan,nan,nan,nan,1784269747.9249196,0.0,0.0,-3.0,1784269747.9253082,10014.9775390625,nan,nan,55.5546989440918,nan
0.07898640632629395,1784269747.9936488,BSMC,square,optuna_t001_r02,1784269747.9633749,0.43473696146310065,-0.5564055191431526,0.10082211163947441,1.283992958415977e-07,-0.0001300667861611641,1784269747.9779003,0.43473705649375916,-0.5564035773277283,0.10081974201797662,nan,nan,nan,nan,nan,nan,nan,nan,nan,nan,nan,1784269747.9705627,0.0,0.0,-3.0,1784269747.9707408,10015.0224609375,nan,nan,44.7824821472168,nan
0.11932492256164551,1784269748.0339873,BSMC,square,optuna_t001_r02,1784269748.0138013,0.4347369794173872,-0.5564053376777922,0.10081692520609284,1.145084110019177e-07,-0.00012448164457060505,1784269748.0294573,0.43473705649375916,-0.5564035773277283,0.10081974201797662,nan,nan,nan,nan,nan,nan,nan,nan,nan,nan,nan,1784269748.0214343,0.0,0.0,-4.0,1784269748.0215328,10015.0732421875,nan,nan,50.978477478027344,nan
0.15921664237976074,1784269748.073879,BSMC,square,optuna_t001_r02,1784269748.0634644,0.43473699462726145,-0.556405172089933,0.10081287715551841,1.0165164953272744e-07,-0.00011790639689252303,1784269748.0294573,0.43473705649375916,-0.5564035773277283,0.10081974201797662,nan,nan,nan,nan,nan,nan,nan,nan,nan,nan,nan,1784269748.0709743,0.0,0.0,-3.0,1784269748.0714083,10015.123046875,nan,nan,49.68425369262695,nan
0.19929933547973633,1784269748.1139617,BSMC,square,optuna_t001_r02,1784269748.0634644,0.43473699462726145,-0.556405172089933,0.10081287715551841,1.0165164953272744e-07,-0.00011790639689252303,1784269748.0783558,0.43473705649375916,-0.5564035773277283,0.10081974201797662,nan,nan,nan,nan,nan,nan,nan,nan,nan,nan,nan,1784269748.0709743,0.0,0.0,-3.0,1784269748.0714083,10015.123046875,nan,nan,49.68425369262695,nan
0.2391059398651123,1784269748.1537683,BSMC,square,optuna_t001_r02,1784269748.1136465,0.43473700751301003,-0.5564050219743865,0.10080961948823222,8.978198902578331e-08,-0.00011071349035620567,1784269748.1293821,0.43473705649375916,-0.5564035773277283,0.10081974201797662,nan,nan,nan,nan,nan,nan,nan,nan,nan,nan,nan,1784269748.1229546,0.0,0.0,1.0,1784269748.1242023,10015.17578125,nan,nan,52.38461685180664,nan
0.2791476249694824,1784269748.19381,BSMC,square,optuna_t001_r02,1784269748.1637955,0.43473701836465284,-0.5564048854297037,0.10080717838258416,7.891154266430199e-08,-0.00010303911689517839,1784269748.1810768,0.43473705649375916,-0.5564035773277283,0.10081974201797662,nan,nan,nan,nan,nan,nan,nan,nan,nan,nan,nan,1784269748.1701055,0.0,0.0,-1.0,1784269748.1704264,10015.22265625,nan,nan,47.47650909423828,nan
0.3191351890563965,1784269748.2337976,BSMC,square,optuna_t001_r02,1784269748.213793,0.4347370274705839,-0.5564047611880317,0.10080544392078736,6.994120208721174e-08,-9.51197469956568e-05,1784269748.2266185,0.43473678827285767,-0.5564037561416626,0.10080968307480401,nan,nan,nan,nan,nan,nan,nan,nan,nan,nan,nan,1784269748.2302804,0.0,0.0,-2.0,1784269748.2303746,10015.2822265625,nan,nan,59.53665542602539,nan
0.3592507839202881,1784269748.2739131,BSMC,square,optuna_t001_r02,1784269748.2636077,0.4347370018909349,-0.5564046670330822,0.10080264986443675,3.7019258199475166e-08,-8.955868420379873e-05,1784269748.2266185,0.43473678827285767,-0.5564037561416626,0.10080968307480401,nan,nan,nan,nan,nan,nan,nan,nan,nan,nan,nan,1784269748.272181,0.0,0.0,1.0,1784269748.2722766,10015.3232421875,nan,nan,40.8632698059082,nan
0.40000486373901367,1784269748.3146672,BSMC,square,optuna_t001_r02,1784269748.2636077,0.4347370018909349,-0.5564046670330822,0.10080264986443675,3.7019258199475166e-08,-8.955868420379873e-05,1784269748.2772837,0.43473678827285767,-0.5564037561416626,0.10080968307480401,nan,nan,nan,nan,nan,nan,nan,nan,nan,nan,nan,1784269748.272181,0.0,0.0,1.0,1784269748.2722766,10015.3232421875,nan,nan,40.8632698059082,nan
0.4394834041595459,1784269748.3541458,BSMC,square,optuna_t001_r02,1784269748.3136094,0.4347369787624373,-0.5564045814227939,0.10080049948899877,1.6151993548806635e-08,-8.366215169925182e-05,1784269748.3288562,0.43473678827285767,-0.5564037561416626,0.10080968307480401,nan,nan,nan,nan,nan,nan,nan,nan,nan,nan,nan,1784269748.3231642,0.0,0.0,-7.0,1784269748.322639,10015.373046875,nan,nan,50.276275634765625,nan
0.47900938987731934,1784269748.3936718,BSMC,square,optuna_t001_r02,1784269748.3641984,0.4347369579062476,-0.5564045035633656,0.10079888273170273,2.4206541907718287e-09,-7.749631751886926e-05,1784269748.378554,0.43473678827285767,-0.5564037561416626,0.10080968307480401,nan,nan,nan,nan,nan,nan,nan,nan,nan,nan,nan,1784269748.3712368,0.0,0.0,-3.0,1784269748.3718462,10015.423828125,nan,nan,50.30160140991211,nan
0.519402027130127,1784269748.4340644,BSMC,square,optuna_t001_r02,1784269748.4138267,0.43473693924476053,-0.5564044330509034,0.1007978095456961,-6.116706539964454e-09,-7.126570534402994e-05,1784269748.4274547,0.43473678827285767,-0.5564037561416626,0.10080968307480401,nan,nan,nan,nan,nan,nan,nan,nan,nan,nan,nan,1784269748.425847,0.0,0.0,0.0,1784269748.4262164,10015.478515625,nan,nan,54.56919479370117,nan
0.5596246719360352,1784269748.474287,BSMC,square,optuna_t001_r02,1784269748.463813,0.434736922611169,-0.556404369269416,0.10079710780932395,-1.0954117290740325e-08,-6.507412677454139e-05,1784269748.4274547,0.43473678827285767,-0.5564037561416626,0.10080968307480401,nan,nan,nan,nan,nan,nan,nan,nan,nan,nan,nan,1784269748.47152,0.0,0.0,-2.0,1784269748.4718623,10015.5244140625,nan,nan,45.86674499511719,nan
0.5993266105651855,1784269748.513989,BSMC,square,optuna_t001_r02,1784269748.463813,0.434736922611169,-0.556404369269416,0.10079710780932395,-1.0954117290740325e-08,-6.507412677454139e-05,1784269748.4813287,0.43473678827285767,-0.5564037561416626,0.10080968307480401,nan,nan,nan,nan,nan,nan,nan,nan,nan,nan,nan,1784269748.47152,0.0,0.0,-2.0,1784269748.4718623,10015.5244140625,nan,nan,45.86674499511719,nan
0.6389994621276855,1784269748.5536618,BSMC,square,optuna_t001_r02,1784269748.5144017,0.43473690765048534,-0.5564043110416066,0.10079674246192764,-1.3789990077542696e-08,-5.893638165027948e-05,1784269748.5327008,0.43473681807518005,-0.5564031600952148,0.10080746790623941,nan,nan,nan,nan,nan,nan,nan,nan,nan,nan,nan,1784269748.5271528,0.0,0.0,-4.0,1784269748.527699,10015.580078125,nan,nan,55.40229797363281,nan
0.6796839237213135,1784269748.5943463,BSMC,square,optuna_t001_r02,1784269748.563809,0.4347368997240804,-0.5564042011070044,0.10079638024204125,-7.260977995037395e-09,-5.3488100723968676e-05,1784269748.5783682,0.43473681807518005,-0.5564031600952148,0.10080746790623941,nan,nan,nan,nan,nan,nan,nan,nan,nan,nan,nan,1784269748.580154,0.0,0.0,-4.0,1784269748.580314,10015.6318359375,nan,nan,52.21592330932617,nan
0.7191300392150879,1784269748.6337924,BSMC,square,optuna_t001_r02,1784269748.6137438,0.43473689254512704,-0.5564041020903787,0.1007962229887693,-3.115949203980518e-09,-4.826969068335843e-05,1784269748.6291473,0.43473681807518005,-0.5564031600952148,0.10080746790623941,nan,nan,nan,nan,nan,nan,nan,nan,nan,nan,nan,1784269748.6274898,0.0,0.0,0.0,1784269748.628218,10015.6796875,nan,nan,48.180503845214844,nan
0.761333703994751,1784269748.675996,BSMC,square,optuna_t001_r02,1784269748.663875,0.43473688601635174,-0.5564040125859461,0.10079625350884425,-5.13409008494896e-10,-4.330008397208361e-05,1784269748.6291473,0.43473681807518005,-0.5564031600952148,0.10080746790623941,nan,nan,nan,nan,nan,nan,nan,nan,nan,nan,nan,1784269748.6725569,0.0,0.0,-4.0,1784269748.6730251,10015.7255859375,nan,nan,45.16041564941406,nan
0.798964262008667,1784269748.7136266,BSMC,square,optuna_t001_r02,1784269748.663875,0.43473688601635174,-0.5564040125859461,0.10079625350884425,-5.13409008494896e-10,-4.330008397208361e-05,1784269748.6291473,0.43473681807518005,-0.5564031600952148,0.10080746790623941,nan,nan,nan,nan,nan,nan,nan,nan,nan,nan,nan,1784269748.6725569,0.0,0.0,-4.0,1784269748.6730251,10015.7255859375,nan,nan,45.16041564941406,nan
0.839127779006958,1784269748.7537901,BSMC,square,optuna_t001_r02,1784269748.7142801,0.4347368860113001,-0.5564040125864584,0.100794636130231,-3.585657015872127e-10,-4.125816933137948e-05,1784269748.6291473,0.43473681807518005,-0.5564031600952148,0.10080746790623941,nan,nan,nan,nan,nan,nan,nan,nan,nan,nan,nan,1784269748.7261133,0.0,0.0,-2.0,1784269748.7280262,10015.7783203125,nan,nan,53.020362854003906,nan
0.8791952133178711,1784269748.7938576,BSMC,square,optuna_t001_r02,1784269748.7651112,0.4347368860085324,-0.5564040125867398,0.10079315385502884,-2.484398211147152e-10,-3.920127931332531e-05,1784269748.7700155,0.43473681807518005,-0.5564031600952148,0.10080746790623941,nan,nan,nan,nan,nan,nan,nan,nan,nan,nan,nan,1784269748.7762125,0.0,0.0,0.0,1784269748.7767735,10015.8291015625,nan,nan,50.7265625,nan
0.9189941883087158,1784269748.8336565,BSMC,square,optuna_t001_r02,1784269748.813419,0.4347368728591701,-0.5564038593623704,0.10079669084697693,1.0875083279462595e-09,-3.035127079319537e-05,1784269748.8309448,0.4347354769706726,-0.5564020276069641,0.10078830123855603,nan,nan,nan,nan,nan,nan,nan,nan,nan,nan,nan,1784269748.8232517,0.0,0.0,-3.0,1784269748.823601,10015.8759765625,nan,nan,47.029197692871094,nan
0.9592263698577881,1784269748.8738887,BSMC,square,optuna_t001_r02,1784269748.863451,0.4347367001230196,-0.556403681525417,0.10079420554373106,-9.50274790756784e-08,-3.088153146709384e-05,1784269748.8309448,0.4347354769706726,-0.5564020276069641,0.10078830123855603,nan,nan,nan,nan,nan,nan,nan,nan,nan,nan,nan,1784269748.8232517,0.0,0.0,-3.0,1784269748.823601,10015.8759765625,nan,nan,47.029197692871094,nan
0.9990215301513672,1784269748.913684,BSMC,square,optuna_t001_r02,1784269748.863451,0.4347367001230196,-0.556403681525417,0.10079420554373106,-9.50274790756784e-08,-3.088153146709384e-05,1784269748.8838348,0.4347354769706726,-0.5564020276069641,0.10078830123855603,nan,nan,nan,nan,nan,nan,nan,nan,1784269748.9013402,0.0,0.0,1784269748.8776197,0.0,0.0,-2.0,1784269748.8781295,10015.9306640625,nan,nan,54.336971282958984,nan
1.0393948554992676,1784269748.9540572,BSMC,square,optuna_t001_r02,1784269748.9138787,0.43473654805962564,-0.5564035210781711,0.10079212926662247,-1.5252306309785034e-07,-3.075645371001629e-05,1784269748.9330812,0.4347354769706726,-0.5564020276069641,0.10078830123855603,nan,nan,nan,nan,nan,nan,nan,nan,1784269748.9404988,0.0,0.0,1784269748.924886,0.0,0.0,0.0,1784269748.9245362,10015.9765625,nan,nan,46.15590286254883,nan
1.0792794227600098,1784269748.9939418,BSMC,square,optuna_t001_r02,1784269748.9641702,0.43473641528492113,-0.556403377051395,0.10079040994035092,-1.841393706362714e-07,-3.015546746452737e-05,1784269748.9834697,0.4347354769706726,-0.5564020276069641,0.10078830123855603,nan,nan,nan,nan,nan,nan,nan,nan,1784269748.9802082,0.0,0.0,1784269748.9794254,0.0,0.0,2.0,1784269748.9799361,10016.0322265625,nan,nan,55.57437515258789,nan
1.1192948818206787,1784269749.0339572,BSMC,square,optuna_t001_r02,1784269749.0135708,0.4347362998138999,-0.5564032480100636,0.10078900856834785,-1.9359183076358246e-07,-2.9170913394404044e-05,1784269749.0287752,0.4347354769706726,-0.5564020276069641,0.10078830123855603,nan,nan,nan,nan,nan,nan,nan,nan,1784269749.021441,0.0,0.0,1784269749.027355,0.0,0.0,-3.0,1784269749.027657,10016.080078125,nan,nan,47.98198699951172,nan
1.1592206954956055,1784269749.073883,BSMC,square,optuna_t001_r02,1784269749.0636365,0.4347361994648945,-0.5564031327018601,0.10078783202282662,-1.9053867140892703e-07,-2.7937876099053625e-05,1784269749.0287752,0.4347354769706726,-0.5564020276069641,0.10078830123855603,nan,nan,nan,nan,nan,nan,nan,nan,1784269749.0604062,0.0,0.0,1784269749.027355,0.0,0.0,-3.0,1784269749.027657,10016.080078125,nan,nan,47.98198699951172,nan
1.199298620223999,1784269749.113961,BSMC,square,optuna_t001_r02,1784269749.0636365,0.4347361994648945,-0.5564031327018601,0.10078783202282662,-1.9053867140892703e-07,-2.7937876099053625e-05,1784269749.0787694,0.4347354769706726,-0.5564004182815552,0.10080931689273205,nan,nan,nan,nan,nan,nan,nan,nan,1784269749.10038,0.0,0.0,1784269749.0843625,0.0,0.0,0.0,1784269749.0847514,10016.13671875,nan,nan,56.792510986328125,nan
1.239175796508789,1784269749.1538382,BSMC,square,optuna_t001_r02,1784269749.114387,0.434736115591565,-0.5564028734484,0.1007902113404501,-1.6557494783956894e-07,-2.1651138905412935e-05,1784269749.1280227,0.4347354769706726,-0.5564004182815552,0.10080931689273205,nan,nan,nan,nan,nan,nan,nan,nan,1784269749.1405091,0.0,0.0,1784269749.127936,0.0,0.0,0.0,1784269749.128347,10016.1806640625,nan,nan,43.88890838623047,nan
1.279348373413086,1784269749.1940107,BSMC,square,optuna_t001_r02,1784269749.1640034,0.43473604170602537,-0.5564026387302077,0.10079247043255239,-1.4740132572011215e-07,-1.6189904404864778e-05,1784269749.1796393,0.4347354769706726,-0.5564035773277283,0.10082972076488708,nan,nan,nan,nan,nan,nan,nan,nan,1784269749.1809921,0.0,0.0,1784269749.177194,0.0,0.0,-7.0,1784269749.1761284,10016.228515625,nan,nan,47.67306137084961,nan
1.319234848022461,1784269749.2338972,BSMC,square,optuna_t001_r02,1784269749.2142675,0.43473596793114677,-0.5564027306648563,0.10079778428214335,-1.5614122398937579e-07,-6.8114593938604e-06,1784269749.2270675,0.4347354769706726,-0.5564035773277283,0.10082972076488708,nan,nan,nan,nan,nan,nan,nan,nan,1784269749.2208872,0.0,0.0,1784269749.2306657,0.0,0.0,0.0,1784269749.2294955,10016.2822265625,nan,nan,53.76355743408203,nan
1.3596999645233154,1784269749.2743623,BSMC,square,optuna_t001_r02,1784269749.2633877,0.4347359038891983,-0.5564028131174392,0.10080257395576406,-1.5345178841899042e-07,8.379189048091694e-07,1784269749.2270675,0.4347354769706726,-0.5564035773277283,0.10082972076488708,nan,nan,nan,nan,nan,nan,nan,nan,1784269749.260196,0.0,0.0,1784269749.2306657,0.0,0.0,0.0,1784269749.2294955,10016.2822265625,nan,nan,53.76355743408203,nan
1.399404525756836,1784269749.314067,BSMC,square,optuna_t001_r02,1784269749.2633877,0.4347359038891983,-0.5564028131174392,0.10080257395576406,-1.5345178841899042e-07,8.379189048091694e-07,1784269749.2786098,0.4347354769706726,-0.5564035773277283,0.10082972076488708,nan,nan,nan,nan,nan,nan,nan,nan,1784269749.3008072,0.0,0.0,1784269749.275993,0.0,0.0,-2.0,1784269749.2763195,10016.3291015625,nan,nan,46.73051834106445,nan
1.439180612564087,1784269749.353843,BSMC,square,optuna_t001_r02,1784269749.31346,0.4347358476869336,-0.556402887645889,0.1008068947785294,-1.4750773523404586e-07,7.073021854958007e-06,1784269749.3289702,0.4347354769706726,-0.5564006567001343,0.10079405207550735,nan,nan,nan,nan,nan,nan,nan,nan,1784269749.341058,0.0,0.0,1784269749.337329,0.0,0.0,-3.0,1784269749.3388288,10016.3896484375,nan,nan,61.13348388671875,nan
1.4790689945220947,1784269749.3937314,BSMC,square,optuna_t001_r02,1784269749.3634846,0.43473580662091593,-0.5564026751207486,0.10080511888951484,-1.1246321756269558e-07,3.7475702721881e-06,1784269749.379639,0.4347345232963562,-0.5564064383506775,0.1009399643316307,nan,nan,nan,nan,nan,nan,nan,nan,1784269749.382516,0.0,0.0,1784269749.3755925,0.0,0.0,-5.0,1784269749.3760748,10016.4287109375,nan,nan,38.34164810180664,nan
1.5188674926757812,1784269749.4335299,BSMC,square,optuna_t001_r02,1784269749.414271,0.4347356371605504,-0.5564030394380707,0.10082664182519366,-2.12456202762069e-07,3.499915310220821e-05,1784269749.4311285,0.4347345232963562,-0.5564064383506775,0.1009399643316307,nan,nan,nan,nan,nan,nan,nan,nan,1784269749.4203384,0.0,0.0,1784269749.3755925,0.0,0.0,-5.0,1784269749.3760748,10016.4287109375,nan,nan,38.34164810180664,nan
1.5592198371887207,1784269749.4738822,BSMC,square,optuna_t001_r02,1784269749.463411,0.4347354883693236,-0.5564033690313834,0.10084585582561177,-2.638326060749167e-07,5.981686263634853e-05,1784269749.4311285,0.4347345232963562,-0.5564064383506775,0.1009399643316307,nan,nan,nan,nan,nan,nan,nan,nan,1784269749.4605277,0.0,0.0,1784269749.433788,0.0,0.0,0.0,1784269749.4338765,10016.4853515625,nan,nan,57.075103759765625,nan
1.5992004871368408,1784269749.5138628,BSMC,square,optuna_t001_r02,1784269749.463411,0.4347354883693236,-0.5564033690313834,0.10084585582561177,-2.638326060749167e-07,5.981686263634853e-05,1784269749.4834528,0.4347343146800995,-0.5564060211181641,0.10090889354684776,nan,nan,nan,nan,nan,nan,nan,nan,1784269749.5004184,0.0,0.0,1784269749.4758723,0.0,0.0,-2.0,1784269749.47615,10016.5283203125,nan,nan,43.2257194519043,nan
1.6393029689788818,1784269749.5539653,BSMC,square,optuna_t001_r02,1784269749.5136023,0.43473533296342376,-0.5564036279804512,0.10085802957457768,-3.0412993695752124e-07,7.175710138583912e-05,1784269749.531199,0.4347343146800995,-0.5564060211181641,0.10090889354684776,nan,nan,nan,nan,nan,nan,nan,nan,1784269749.5406158,0.0,0.0,1784269749.5267546,0.0,0.0,-3.0,1784269749.5270932,10016.5791015625,nan,nan,50.62104797363281,nan
1.6793460845947266,1784269749.5940084,BSMC,square,optuna_t001_r02,1784269749.5636706,0.43473519799492344,-0.5564038601709225,0.10086866651611238,-3.152070089253285e-07,8.01574788563298e-05,1784269749.5767572,0.4347343146800995,-0.5564060211181641,0.10090889354684776,nan,nan,nan,nan,nan,nan,nan,nan,1784269749.5802321,0.0,0.0,1784269749.578526,0.0,0.0,-3.0,1784269749.5786686,10016.6298828125,nan,nan,50.74013900756836,nan
1.7193331718444824,1784269749.6339955,BSMC,square,optuna_t001_r02,1784269749.613316,0.4347350810893225,-0.5564040682467083,0.10087789340819737,-3.061394774796958e-07,8.559785119143479e-05,1784269749.6293166,0.4347343146800995,-0.5564060211181641,0.10090889354684776,nan,nan,nan,nan,nan,nan,nan,nan,1784269749.6202586,0.0,0.0,1784269749.6265016,0.0,0.0,-2.0,1784269749.626795,10016.6796875,nan,nan,49.288055419921875,nan
1.759174108505249,1784269749.6738365,BSMC,square,optuna_t001_r02,1784269749.6637044,0.4347349783615726,-0.5564042570550632,0.1008859222457284,-2.91233831119671e-07,8.868296958401518e-05,1784269749.6293166,0.4347343146800995,-0.5564060211181641,0.10090889354684776,nan,nan,nan,nan,nan,nan,nan,nan,1784269749.6608007,0.0,0.0,1784269749.6265016,0.0,0.0,-2.0,1784269749.626795,10016.6796875,nan,nan,49.288055419921875,nan
1.799560785293579,1784269749.7142231,BSMC,square,optuna_t001_r02,1784269749.6637044,0.4347349783615726,-0.5564042570550632,0.1008859222457284,-2.91233831119671e-07,8.868296958401518e-05,1784269749.6781797,0.4347343146800995,-0.5564060211181641,0.10090889354684776,nan,nan,nan,nan,nan,nan,nan,nan,1784269749.7004652,0.0,0.0,1784269749.6806824,0.0,0.0,-2.0,1784269749.6809573,10016.7333984375,nan,nan,54.2298698425293,nan
1.839339256286621,1784269749.7540016,BSMC,square,optuna_t001_r02,1784269749.7136068,0.43473488906705227,-0.5564044273614289,0.1008927621877311,-2.678100723755349e-07,8.971388399278471e-05,1784269749.7278242,0.4347343146800995,-0.5564060211181641,0.10090889354684776,nan,nan,nan,nan,nan,nan,nan,nan,1784269749.7405033,0.0,0.0,1784269749.73071,0.0,0.0,-1.0,1784269749.7310112,10016.783203125,nan,nan,49.48053741455078,nan
1.8793444633483887,1784269749.7940068,BSMC,square,optuna_t001_r02,1784269749.764258,0.4347348112446042,-0.5564045810563095,0.10089863039903522,-2.440841633813004e-07,8.912266991465298e-05,1784269749.7791252,0.4347344636917114,-0.5564124584197998,0.10098884471522006,nan,nan,nan,nan,nan,nan,nan,nan,1784269749.7828226,0.0,0.0,1784269749.7790794,0.0,0.0,-5.0,1784269749.7794259,10016.83203125,nan,nan,48.673152923583984,nan
1.9192836284637451,1784269749.833946,BSMC,square,optuna_t001_r02,1784269749.813967,0.4347347438583542,-0.5564053363542774,0.10091614924224226,-2.619327054829958e-07,0.00010593732773099661,1784269749.8285985,0.4347344636917114,-0.5564124584197998,0.10098884471522006,nan,nan,nan,nan,nan,nan,nan,nan,1784269749.820438,0.0,0.0,1784269749.7790794,0.0,0.0,-5.0,1784269749.7794259,10016.83203125,nan,nan,48.673152923583984,nan
1.9591009616851807,1784269749.8737633,BSMC,square,optuna_t001_r02,1784269749.863576,0.4347346868975891,-0.5564060161968689,0.10093145226998392,-2.5716561354754776e-07,0.00011762665564803206,1784269749.8285985,0.4347344636917114,-0.5564124584197998,0.10098884471522006,nan,nan,nan,nan,nan,nan,nan,nan,1784269749.8606033,0.0,0.0,1784269749.8374221,0.0,0.0,-3.0,1784269749.8380978,10016.890625,nan,nan,58.536048889160156,nan
1.999061107635498,1784269749.9137235,BSMC,square,optuna_t001_r02,1784269749.863576,0.4347346868975891,-0.5564060161968689,0.10093145226998392,-2.5716561354754776e-07,0.00011762665564803206,1784269749.8789427,0.4347344636917114,-0.5564124584197998,0.10098884471522006,1784269749.9014227,0.4347346868975891,-0.5564060161968689,0.10093145226998392,nan,nan,nan,nan,1784269749.9010959,0.0,0.0,1784269749.8829963,0.0,0.0,-4.0,1784269749.8832688,10016.935546875,nan,nan,45.65993118286133,nan
2.03924298286438,1784269749.9539053,BSMC,square,optuna_t001_r02,1784269749.9138558,0.43473463858113237,-0.5564066321383911,0.10094482675576408,-2.479948714831488e-07,0.0001252731577495341,1784269749.9311905,0.43473488092422485,-0.556415319442749,0.1010227552505096,1784269749.9413366,0.43473463858113237,-0.5564066321383911,0.10094482675576408,nan,nan,nan,nan,1784269749.9410088,0.0,0.0,1784269749.9469151,0.0,0.0,-2.0,1784269749.947082,10016.998046875,nan,nan,61.86381149291992,nan
2.079805850982666,1784269749.9944682,BSMC,square,optuna_t001_r02,1784269749.9634464,0.4347346411938574,-0.5564074639658274,0.10096165588499952,-2.1836465187705176e-07,0.0001372422229848073,1784269749.9816103,0.43473488092422485,-0.556415319442749,0.1010227552505096,1784269749.980684,0.4347346411938574,-0.5564074639658274,0.10096165588499952,nan,nan,nan,nan,1784269749.9802449,0.0,0.0,1784269749.9785414,0.0,0.0,0.0,1784269749.9791024,10017.03125,nan,nan,33.15104675292969,nan
2.1189544200897217,1784269750.0336168,BSMC,square,optuna_t001_r02,1784269750.0140064,0.4347346460674628,-0.5564082181615535,0.10097634268759226,-2.0057368554406268e-07,0.00014493427252195213,1784269749.9816103,0.43473488092422485,-0.556415319442749,0.1010227552505096,1784269750.0208907,0.4347346460674628,-0.5564082181615535,0.10097634268759226,nan,nan,nan,nan,1784269750.0203407,0.0,0.0,1784269750.0295422,0.0,0.0,-3.0,1784269750.0298839,10017.08203125,nan,nan,51.134727478027344,nan
2.1589996814727783,1784269750.073662,BSMC,square,optuna_t001_r02,1784269750.0633132,0.43473465298946845,-0.5564088987248003,0.10098878764506904,-1.8040122912859616e-07,0.00014876106542685655,1784269750.0330863,0.43473488092422485,-0.556415319442749,0.1010227552505096,1784269750.061382,0.4347346460674628,-0.5564082181615535,0.10097634268759226,nan,nan,nan,nan,1784269750.0608714,0.0,0.0,1784269750.0295422,0.0,0.0,-3.0,1784269750.0298839,10017.08203125,nan,nan,51.134727478027344,nan
2.1995227336883545,1784269750.114185,BSMC,square,optuna_t001_r02,1784269750.0633132,0.43473465298946845,-0.5564088987248003,0.10098878764506904,-1.8040122912859616e-07,0.00014876106542685655,1784269750.0803213,0.43473488092422485,-0.556415319442749,0.1010227552505096,1784269750.1009655,0.43473465298946845,-0.5564088987248003,0.10098878764506904,nan,nan,nan,nan,1784269750.1004527,0.0,0.0,1784269750.0794692,0.0,0.0,-7.0,1784269750.080089,10017.1318359375,nan,nan,50.10993576049805,nan
2.239415168762207,1784269750.1540775,BSMC,square,optuna_t001_r02,1784269750.1133354,0.4347346610566923,-0.5564095103486597,0.10099951574812455,-1.59804394636576e-07,0.00014945212968023165,1784269750.131851,0.43473488092422485,-0.556415319442749,0.1010227552505096,1784269750.1406083,0.4347346610566923,-0.5564095103486597,0.10099951574812455,nan,nan,nan,nan,1784269750.1403048,0.0,0.0,1784269750.1311157,0.0,0.0,-1.0,1784269750.1304398,10017.1826171875,nan,nan,50.74384689331055,nan
2.279512643814087,1784269750.194175,BSMC,square,optuna_t001_r02,1784269750.1640604,0.43473466279222095,-0.5564100662622528,0.1010103659744617,-2.0138408439590798e-07,0.00015441262837587543,1784269750.1790628,0.43473488092422485,-0.5564162135124207,0.10102753864298557,1784269750.1812332,0.43473466279222095,-0.5564100662622528,0.1010103659744617,nan,nan,nan,nan,1784269750.1808467,0.0,0.0,1784269750.1796248,0.0,0.0,-3.0,1784269750.1797297,10017.232421875,nan,nan,49.34770965576172,nan
2.3189597129821777,1784269750.233622,BSMC,square,optuna_t001_r02,1784269750.213526,0.43473465867160666,-0.556410651634453,0.10102040099456337,-2.638041834910762e-07,0.00015811941129161068,1784269750.228864,0.43473488092422485,-0.5564162135124207,0.10102753864298557,1784269750.2214217,0.43473465867160666,-0.556410651634453,0.10102040099456337,nan,nan,nan,nan,1784269750.221551,0.0,0.0,1784269750.230114,0.0,0.0,-1.0,1784269750.230203,10017.2822265625,nan,nan,50.442108154296875,nan
2.3597958087921143,1784269750.2744582,BSMC,square,optuna_t001_r02,1784269750.2634962,0.43473465094137725,-0.556411182325462,0.10102905074018778,-3.3420527297105316e-07,0.00015930152487553083,1784269750.228864,0.43473488092422485,-0.5564162135124207,0.10102753864298557,1784269750.2617147,0.43473465867160666,-0.556410651634453,0.10102040099456337,nan,nan,nan,nan,1784269750.2613614,0.0,0.0,1784269750.230114,0.0,0.0,-1.0,1784269750.230203,10017.2822265625,nan,nan,50.442108154296875,nan
2.399934768676758,1784269750.3145971,BSMC,square,optuna_t001_r02,1784269750.2634962,0.43473465094137725,-0.556411182325462,0.10102905074018778,-3.3420527297105316e-07,0.00015930152487553083,1784269750.276771,0.43473488092422485,-0.5564162135124207,0.10102753864298557,1784269750.3041558,0.43473465094137725,-0.556411182325462,0.10102905074018778,nan,nan,nan,nan,1784269750.3043938,0.0,0.0,1784269750.2802858,0.0,0.0,-4.0,1784269750.2804425,10017.3330078125,nan,nan,50.219661712646484,nan
2.4389994144439697,1784269750.3536618,BSMC,square,optuna_t001_r02,1784269750.3136606,0.43473464000249656,-0.5564116613271861,0.10103639901270531,-4.064323932523003e-07,0.00015827925068993048,1784269750.3299406,0.43473488092422485,-0.5564162135124207,0.10102753864298557,1784269750.340977,0.43473464000249656,-0.5564116613271861,0.10103639901270531,nan,nan,nan,nan,1784269750.3411956,0.0,0.0,1784269750.330406,0.0,0.0,-2.0,1784269750.3305082,10017.3828125,nan,nan,50.24313735961914,nan
2.479121446609497,1784269750.3937838,BSMC,square,optuna_t001_r02,1784269750.3639824,0.4347346272494818,-0.5564120986482287,0.10104234377254404,-4.7627649239676766e-07,0.00015498335879432566,1784269750.3765898,0.43473488092422485,-0.5564162135124207,0.10102753864298557,1784269750.381199,0.4347346272494818,-0.5564120986482287,0.10104234377254404,nan,nan,nan,nan,1784269750.381371,0.0,0.0,1784269750.3827648,0.0,0.0,-2.0,1784269750.3829713,10017.435546875,nan,nan,52.41699981689453,nan
2.519524335861206,1784269750.4341867,BSMC,square,optuna_t001_r02,1784269750.41387,0.4347346143606699,-0.5564124918019094,0.10104710959109862,-5.348708452991127e-07,0.00015015162424781463,1784269750.427628,0.43473488092422485,-0.5564162135124207,0.10102753864298557,1784269750.4205363,0.4347346143606699,-0.5564124918019094,0.10104710959109862,nan,nan,nan,nan,1784269750.420256,0.0,0.0,1784269750.4308598,0.0,0.0,0.0,1784269750.4311616,10017.4833984375,nan,nan,48.12862777709961,nan
2.5592551231384277,1784269750.4739175,BSMC,square,optuna_t001_r02,1784269750.4637523,0.43473460322774926,-0.5564128485012815,0.10105073439623595,-5.783603555837628e-07,0.00014378255188127824,1784269750.427628,0.43473488092422485,-0.5564162135124207,0.10102753864298557,1784269750.4606934,0.4347346143606699,-0.5564124918019094,0.10104710959109862,nan,nan,nan,nan,1784269750.4603922,0.0,0.0,1784269750.4308598,0.0,0.0,0.0,1784269750.4311616,10017.4833984375,nan,nan,48.12862777709961,nan
2.599010467529297,1784269750.5136728,BSMC,square,optuna_t001_r02,1784269750.4637523,0.43473460322774926,-0.5564128485012815,0.10105073439623595,-5.783603555837628e-07,0.00014378255188127824,1784269750.477612,0.43472570180892944,-0.5564558506011963,0.10145445698858636,1784269750.500818,0.43473460322774926,-0.5564128485012815,0.10105073439623595,nan,nan,nan,nan,1784269750.5004225,0.0,0.0,1784269750.4810688,0.0,0.0,-1.0,1784269750.4811637,10017.5341796875,nan,nan,50.23523712158203,nan
2.6392288208007812,1784269750.5538912,BSMC,square,optuna_t001_r02,1784269750.5135784,0.4347321829415496,-0.5564170906593126,0.10112994936302583,-6.713716207456184e-06,0.0002632726504743534,1784269750.528552,0.43472570180892944,-0.5564558506011963,0.10145445698858636,1784269750.5414302,0.4347321829415496,-0.5564170906593126,0.10112994936302583,nan,nan,nan,nan,1784269750.5411062,0.0,0.0,1784269750.5313683,0.0,0.0,-2.0,1784269750.5314565,10017.583984375,nan,nan,50.33913040161133,nan
2.678988456726074,1784269750.5936508,BSMC,square,optuna_t001_r02,1784269750.5633986,0.4347299190632326,-0.5564209542377324,0.10120128207463253,-1.1842345723804243e-05,0.00036054162363631097,1784269750.5768998,0.43472570180892944,-0.5564558506011963,0.10145445698858636,1784269750.5811813,0.4347299190632326,-0.5564209542377324,0.10120128207463253,nan,nan,nan,nan,1784269750.581284,0.0,0.0,1784269750.5842168,0.0,0.0,-6.0,1784269750.5843196,10017.63671875,nan,nan,52.76007843017578,nan
2.7190256118774414,1784269750.633688,BSMC,square,optuna_t001_r02,1784269750.6139858,0.43472791439950725,-0.5564244258027264,0.10126453136401693,0.0,0.0,1784269750.6293836,0.4347277283668518,-0.5564556121826172,0.10145629361584023,1784269750.6220093,0.43472791439950725,-0.5564244258027264,0.10126453136401693,nan,nan,nan,nan,1784269750.6221094,0.0,0.0,1784269750.6311803,0.0,0.0,-2.0,1784269750.6315649,10017.68359375,nan,nan,46.84653091430664,nan
2.759049415588379,1784269750.6737118,BSMC,square,optuna_t001_r02,1784269750.6638033,0.43472741370328444,-0.5564274442693952,0.10129993251753992,0.0,0.0,1784269750.6293836,0.4347277283668518,-0.5564556121826172,0.10145629361584023,1784269750.6608565,0.43472791439950725,-0.5564244258027264,0.10126453136401693,nan,nan,nan,nan,1784269750.6605642,0.0,0.0,1784269750.6311803,0.0,0.0,-2.0,1784269750.6315649,10017.68359375,nan,nan,46.84653091430664,nan
2.799008846282959,1784269750.7136712,BSMC,square,optuna_t001_r02,1784269750.6638033,0.43472741370328444,-0.5564274442693952,0.10129993251753992,0.0,0.0,1784269750.6787558,0.4347281754016876,-0.5564556121826172,0.10145641435698013,1784269750.700684,0.43472741370328444,-0.5564274442693952,0.10129993251753992,nan,nan,nan,nan,1784269750.700376,0.0,0.0,1784269750.6864674,0.0,0.0,-4.0,1784269750.6865795,10017.7392578125,nan,nan,55.25395965576172,nan
2.839221239089966,1784269750.7538836,BSMC,square,optuna_t001_r02,1784269750.7138197,0.4347271737943597,-0.5564301556469932,0.10132895852200278,0.0,0.0,1784269750.7277586,0.4347284138202667,-0.5564553737640381,0.10145484869655681,1784269750.7408457,0.4347271737943597,-0.5564301556469932,0.10132895852200278,nan,nan,nan,nan,1784269750.7405682,0.0,0.0,1784269750.7321534,0.0,0.0,-1.0,1784269750.7324727,10017.78515625,nan,nan,45.878753662109375,nan
2.8793821334838867,1784269750.7940445,BSMC,square,optuna_t001_r02,1784269750.7638512,0.43472709067722426,-0.5564325698518412,0.1013523702902232,0.0,0.0,1784269750.7795877,0.43472862243652344,-0.5564553737640381,0.10145368117175099,1784269750.7828052,0.43472709067722426,-0.5564325698518412,0.1013523702902232,nan,nan,nan,nan,1784269750.7829523,0.0,0.0,1784269750.7814863,0.0,0.0,-5.0,1784269750.7818098,10017.833984375,nan,nan,49.31598663330078,nan
2.9193167686462402,1784269750.8339791,BSMC,square,optuna_t001_r02,1784269750.814897,0.43472711426332095,-0.556434754584876,0.10137137971672144,0.0,0.0,1784269750.827945,0.43472862243652344,-0.5564553737640381,0.10145368117175099,1784269750.8204598,0.43472711426332095,-0.556434754584876,0.10137137971672144,nan,nan,nan,nan,1784269750.8205595,0.0,0.0,1784269750.7814863,0.0,0.0,-5.0,1784269750.7818098,10017.833984375,nan,nan,49.31598663330078,nan
2.9590117931365967,1784269750.8736742,BSMC,square,optuna_t001_r02,1784269750.863939,0.43472716577184295,-0.55643672194327,0.10138679610874594,0.0,0.0,1784269750.827945,0.43472862243652344,-0.5564553737640381,0.10145368117175099,1784269750.861033,0.43472711426332095,-0.556434754584876,0.10137137971672144,nan,nan,nan,nan,1784269750.861152,0.0,0.0,1784269750.8362854,0.0,0.0,-2.0,1784269750.8363738,10017.888671875,nan,nan,54.78811264038086,nan
2.999250888824463,1784269750.9139132,BSMC,square,optuna_t001_r02,1784269750.863939,0.43472716577184295,-0.55643672194327,0.10138679610874594,0.0,0.0,1784269750.8800077,0.43472862243652344,-0.5564558506011963,0.10145386674216862,1784269750.9005907,0.43472716577184295,-0.55643672194327,0.10138679610874594,nan,nan,nan,nan,1784269750.9003065,0.0,0.0,1784269750.8843515,0.0,0.0,-1.0,1784269750.8844805,10017.9375,nan,nan,47.987640380859375,nan
3.0389890670776367,1784269750.9536514,BSMC,square,optuna_t001_r02,1784269750.914487,0.4347272273935739,-0.5564385538501436,0.10139945066416599,0.0,0.0,1784269750.9271445,0.43472862243652344,-0.5564556121826172,0.10145825051825319,1784269750.9005907,0.43472716577184295,-0.55643672194327,0.10138679610874594,nan,nan,nan,nan,1784269750.9003065,0.0,0.0,1784269750.932917,0.0,0.0,0.0,1784269750.9330103,10017.9853515625,nan,nan,48.61750411987305,nan
3.079895496368408,1784269750.9945579,BSMC,square,optuna_t001_r02,1784269750.9643269,0.43472730621418715,-0.5564401769027904,0.10141049825474734,0.0,0.0,1784269750.9806392,0.43472862243652344,-0.5564556121826172,0.10145825051825319,1784269750.9005907,0.43472716577184295,-0.55643672194327,0.10138679610874594,nan,nan,nan,nan,1784269750.9003065,0.0,0.0,1784269750.9840076,0.0,0.0,-7.0,1784269750.9844043,10018.037109375,nan,nan,51.229888916015625,nan
3.1187431812286377,1784269751.0334055,BSMC,square,optuna_t001_r02,1784269751.0144992,0.43472739142988315,-0.5564416545584583,0.10141954264489851,0.0,0.0,1784269751.030224,0.4347374141216278,-0.5564543008804321,0.1013105723496442,1784269750.9005907,0.43472716577184295,-0.55643672194327,0.10138679610874594,nan,nan,nan,nan,1784269750.9003065,0.0,0.0,1784269751.0331035,0.0,0.0,-1.0,1784269750.9844043,10018.037109375,nan,nan,51.229888916015625,nan
3.1595208644866943,1784269751.0741832,BSMC,square,optuna_t001_r02,1784269751.0144992,0.43472739142988315,-0.5564416545584583,0.10141954264489851,0.0,0.0,1784269751.030224,0.4347374141216278,-0.5564543008804321,0.1013105723496442,1784269750.9005907,0.43472716577184295,-0.55643672194327,0.10138679610874594,nan,nan,nan,nan,1784269750.9003065,0.0,0.0,1784269751.0331035,0.0,0.0,-1.0,1784269751.0335517,10018.0859375,nan,nan,49.072242736816406,nan
3.199131727218628,1784269751.113794,BSMC,square,optuna_t001_r02,1784269751.0144992,0.43472739142988315,-0.5564416545584583,0.10141954264489851,0.0,0.0,1784269751.077544,0.4347374141216278,-0.5564543008804321,0.1013105723496442,1784269750.9005907,0.43472716577184295,-0.55643672194327,0.10138679610874594,nan,nan,nan,nan,1784269750.9003065,0.0,0.0,1784269751.0872471,0.0,0.0,-3.0,1784269751.0875723,10018.1396484375,nan,nan,53.96648406982422,nan
3.2391467094421387,1784269751.153809,BSMC,square,optuna_t001_r02,1784269751.0144992,0.43472739142988315,-0.5564416545584583,0.10141954264489851,0.0,0.0,1784269751.1277628,0.4347374141216278,-0.5564543008804321,0.1013105723496442,1784269750.9005907,0.43472716577184295,-0.55643672194327,0.10138679610874594,nan,nan,nan,nan,1784269750.9003065,0.0,0.0,1784269751.1333654,0.0,0.0,-4.0,1784269751.1334603,10018.1865234375,nan,nan,46.08973693847656,nan
3.279038190841675,1784269751.1937006,BSMC,square,optuna_t001_r02,1784269751.0144992,0.43472739142988315,-0.5564416545584583,0.10141954264489851,0.0,0.0,1784269751.1796541,0.4347374141216278,-0.5564551949501038,0.10130013853123952,1784269750.9005907,0.43472716577184295,-0.55643672194327,0.10138679610874594,nan,nan,nan,nan,1784269750.9003065,0.0,0.0,1784269751.18927,0.0,0.0,-2.0,1784269751.189602,10018.2421875,nan,nan,55.97520065307617,nan
3.319082498550415,1784269751.2337449,BSMC,square,optuna_t001_r02,1784269751.0144992,0.43472739142988315,-0.5564416545584583,0.10141954264489851,0.0,0.0,1784269751.2295103,0.4347374141216278,-0.5564551949501038,0.10130013853123952,1784269750.9005907,0.43472716577184295,-0.55643672194327,0.10138679610874594,nan,nan,nan,nan,1784269750.9003065,0.0,0.0,1784269751.18927,0.0,0.0,-2.0,1784269751.189602,10018.2421875,nan,nan,55.97520065307617,nan
3.3598458766937256,1784269751.2745082,BSMC,square,optuna_t001_r02,1784269751.0144992,0.43472739142988315,-0.5564416545584583,0.10141954264489851,0.0,0.0,1784269751.2295103,0.4347374141216278,-0.5564551949501038,0.10130013853123952,1784269750.9005907,0.43472716577184295,-0.55643672194327,0.10138679610874594,nan,nan,nan,nan,1784269750.9003065,0.0,0.0,1784269751.2359846,0.0,0.0,0.0,1784269751.2363143,10018.2890625,nan,nan,46.84138488769531,nan
3.3994293212890625,1784269751.3140917,BSMC,square,optuna_t001_r02,1784269751.0144992,0.43472739142988315,-0.5564416545584583,0.10141954264489851,0.0,0.0,1784269751.2785358,0.4347374141216278,-0.5564551949501038,0.10130013853123952,1784269750.9005907,0.43472716577184295,-0.55643672194327,0.10138679610874594,nan,nan,nan,nan,1784269750.9003065,0.0,0.0,1784269751.2841785,0.0,0.0,-2.0,1784269751.284596,10018.3369140625,nan,nan,48.117984771728516,nan
3.439491033554077,1784269751.3541534,BSMC,square,optuna_t001_r02,1784269751.0144992,0.43472739142988315,-0.5564416545584583,0.10141954264489851,0.0,0.0,1784269751.3292243,0.4347376525402069,-0.5564543008804321,0.1012983738463662,1784269750.9005907,0.43472716577184295,-0.55643672194327,0.10138679610874594,nan,nan,nan,nan,1784269750.9003065,0.0,0.0,1784269751.3344631,0.0,0.0,-1.0,1784269751.3345685,10018.3876953125,nan,nan,50.24457550048828,nan
3.4792704582214355,1784269751.3939328,BSMC,square,optuna_t001_r02,1784269751.0144992,0.43472739142988315,-0.5564416545584583,0.10141954264489851,0.0,0.0,1784269751.3789527,0.4347376525402069,-0.5564543008804321,0.1012983738463662,1784269750.9005907,0.43472716577184295,-0.55643672194327,0.10138679610874594,nan,nan,nan,nan,1784269750.9003065,0.0,0.0,1784269751.384159,0.0,0.0,-4.0,1784269751.384506,10018.4365234375,nan,nan,49.73099136352539,nan
3.5189261436462402,1784269751.4335885,BSMC,square,optuna_t001_r02,1784269751.0144992,0.43472739142988315,-0.5564416545584583,0.10141954264489851,0.0,0.0,1784269751.426447,0.4347376525402069,-0.5564543008804321,0.1012983738463662,1784269750.9005907,0.43472716577184295,-0.55643672194327,0.10138679610874594,nan,nan,nan,nan,1784269750.9003065,0.0,0.0,1784269751.384159,0.0,0.0,-4.0,1784269751.384506,10018.4365234375,nan,nan,49.73099136352539,nan
3.5594494342803955,1784269751.4741118,BSMC,square,optuna_t001_r02,1784269751.0144992,0.43472739142988315,-0.5564416545584583,0.10141954264489851,0.0,0.0,1784269751.426447,0.4347376525402069,-0.5564543008804321,0.1012983738463662,1784269750.9005907,0.43472716577184295,-0.55643672194327,0.10138679610874594,nan,nan,nan,nan,1784269750.9003065,0.0,0.0,1784269751.4350064,0.0,0.0,-4.0,1784269751.4352639,10018.48828125,nan,nan,50.85452651977539,nan
3.5989654064178467,1784269751.5136278,BSMC,square,optuna_t001_r02,1784269751.0144992,0.43472739142988315,-0.5564416545584583,0.10141954264489851,0.0,0.0,1784269751.4762967,0.4347376525402069,-0.5564543008804321,0.1012983738463662,1784269750.9005907,0.43472716577184295,-0.55643672194327,0.10138679610874594,nan,nan,nan,nan,1784269750.9003065,0.0,0.0,1784269751.4854064,0.0,0.0,-1.0,1784269751.4855094,10018.5380859375,nan,nan,49.78285217285156,nan
3.6389615535736084,1784269751.553624,BSMC,square,optuna_t001_r02,1784269751.0144992,0.43472739142988315,-0.5564416545584583,0.10141954264489851,0.0,0.0,1784269751.526878,0.4347376525402069,-0.5564543008804321,0.1012983738463662,1784269750.9005907,0.43472716577184295,-0.55643672194327,0.10138679610874594,nan,nan,nan,nan,1784269750.9003065,0.0,0.0,1784269751.5378313,0.0,0.0,-3.0,1784269751.538021,10018.5908203125,nan,nan,52.89973831176758,nan
3.6789355278015137,1784269751.593598,BSMC,square,optuna_t001_r02,1784269751.0144992,0.43472739142988315,-0.5564416545584583,0.10141954264489851,0.0,0.0,1784269751.5767758,0.4347364008426666,-0.5564478635787964,0.1013209466068761,1784269750.9005907,0.43472716577184295,-0.55643672194327,0.10138679610874594,nan,nan,nan,nan,1784269750.9003065,0.0,0.0,1784269751.5883405,0.0,0.0,-1.0,1784269751.5888588,10018.640625,nan,nan,50.568050384521484,nan
3.718945264816284,1784269751.6336076,BSMC,square,optuna_t001_r02,1784269751.0144992,0.43472739142988315,-0.5564416545584583,0.10141954264489851,0.0,0.0,1784269751.625652,0.4347364008426666,-0.5564478635787964,0.1013209466068761,1784269750.9005907,0.43472716577184295,-0.55643672194327,0.10138679610874594,nan,nan,nan,nan,1784269750.9003065,0.0,0.0,1784269751.5883405,0.0,0.0,-1.0,1784269751.5888588,10018.640625,nan,nan,50.568050384521484,nan
3.7589986324310303,1784269751.673661,BSMC,square,optuna_t001_r02,1784269751.0144992,0.43472739142988315,-0.5564416545584583,0.10141954264489851,0.0,0.0,1784269751.625652,0.4347364008426666,-0.5564478635787964,0.1013209466068761,1784269750.9005907,0.43472716577184295,-0.55643672194327,0.10138679610874594,nan,nan,nan,nan,1784269750.9003065,0.0,0.0,1784269751.6372259,0.0,0.0,-5.0,1784269751.637325,10018.6904296875,nan,nan,48.90903854370117,nan
3.799424409866333,1784269751.7140868,BSMC,square,optuna_t001_r02,1784269751.0144992,0.43472739142988315,-0.5564416545584583,0.10141954264489851,0.0,0.0,1784269751.67688,0.4347364008426666,-0.5564478635787964,0.1013209466068761,1784269750.9005907,0.43472716577184295,-0.55643672194327,0.10138679610874594,nan,nan,nan,nan,1784269750.9003065,0.0,0.0,1784269751.6862392,0.0,0.0,-1.0,1784269751.686721,10018.7392578125,nan,nan,49.05147171020508,nan
3.839303731918335,1784269751.753966,BSMC,square,optuna_t001_r02,1784269751.0144992,0.43472739142988315,-0.5564416545584583,0.10141954264489851,0.0,0.0,1784269751.7297857,0.4347364008426666,-0.5564478635787964,0.1013209466068761,1784269750.9005907,0.43472716577184295,-0.55643672194327,0.10138679610874594,nan,nan,nan,nan,1784269750.9003065,0.0,0.0,1784269751.6862392,0.0,0.0,-1.0,1784269751.686721,10018.7392578125,nan,nan,49.05147171020508,nan
3.8794970512390137,1784269751.7941594,BSMC,square,optuna_t001_r02,1784269751.0144992,0.43472739142988315,-0.5564416545584583,0.10141954264489851,0.0,0.0,1784269751.775994,0.4347364008426666,-0.5564478635787964,0.1013209466068761,1784269750.9005907,0.43472716577184295,-0.55643672194327,0.10138679610874594,nan,nan,nan,nan,1784269750.9003065,0.0,0.0,1784269751.6862392,0.0,0.0,-1.0,1784269751.686721,10018.7392578125,nan,nan,49.05147171020508,nan
3.9189467430114746,1784269751.833609,BSMC,square,optuna_t001_r02,1784269751.0144992,0.43472739142988315,-0.5564416545584583,0.10141954264489851,0.0,0.0,1784269751.826581,0.4347364008426666,-0.5564478635787964,0.1013209466068761,1784269750.9005907,0.43472716577184295,-0.55643672194327,0.10138679610874594,nan,nan,nan,nan,1784269750.9003065,0.0,0.0,1784269751.6862392,0.0,0.0,-1.0,1784269751.686721,10018.7392578125,nan,nan,49.05147171020508,nan
3.959359884262085,1784269751.8740222,BSMC,square,optuna_t001_r02,1784269751.0144992,0.43472739142988315,-0.5564416545584583,0.10141954264489851,0.0,0.0,1784269751.826581,0.4347364008426666,-0.5564478635787964,0.1013209466068761,1784269750.9005907,0.43472716577184295,-0.55643672194327,0.10138679610874594,nan,nan,nan,nan,1784269750.9003065,0.0,0.0,1784269751.6862392,0.0,0.0,-1.0,1784269751.686721,10018.7392578125,nan,nan,49.05147171020508,nan
3.999222993850708,1784269751.9138854,BSMC,square,optuna_t001_r02,1784269751.0144992,0.43472739142988315,-0.5564416545584583,0.10141954264489851,0.0,0.0,1784269751.8764236,0.4347364008426666,-0.5564478635787964,0.1013209466068761,1784269750.9005907,0.43472716577184295,-0.55643672194327,0.10138679610874594,nan,nan,nan,nan,1784269750.9003065,0.0,0.0,1784269751.6862392,0.0,0.0,-1.0,1784269751.686721,10018.7392578125,nan,nan,49.05147171020508,nan
4.039527893066406,1784269751.9541903,BSMC,square,optuna_t001_r02,1784269751.0144992,0.43472739142988315,-0.5564416545584583,0.10141954264489851,0.0,0.0,1784269751.926531,0.4347364008426666,-0.5564478635787964,0.1013209466068761,1784269750.9005907,0.43472716577184295,-0.55643672194327,0.10138679610874594,nan,nan,nan,nan,1784269750.9003065,0.0,0.0,1784269751.6862392,0.0,0.0,-1.0,1784269751.686721,10018.7392578125,nan,nan,49.05147171020508,nan
4.079005479812622,1784269751.9936678,BSMC,square,optuna_t001_r02,1784269751.0144992,0.43472739142988315,-0.5564416545584583,0.10141954264489851,0.0,0.0,1784269751.9773026,0.4347364008426666,-0.5564478635787964,0.1013209466068761,1784269750.9005907,0.43472716577184295,-0.55643672194327,0.10138679610874594,nan,nan,nan,nan,1784269750.9003065,0.0,0.0,1784269751.6862392,0.0,0.0,-1.0,1784269751.686721,10018.7392578125,nan,nan,49.05147171020508,nan
4.119365215301514,1784269752.0340276,BSMC,square,optuna_t001_r02,1784269751.0144992,0.43472739142988315,-0.5564416545584583,0.10141954264489851,0.0,0.0,1784269752.0265582,0.4347364008426666,-0.5564478635787964,0.1013209466068761,1784269750.9005907,0.43472716577184295,-0.55643672194327,0.10138679610874594,nan,nan,nan,nan,1784269750.9003065,0.0,0.0,1784269751.6862392,0.0,0.0,-1.0,1784269751.686721,10018.7392578125,nan,nan,49.05147171020508,nan
4.159689903259277,1784269752.0743523,BSMC,square,optuna_t001_r02,1784269751.0144992,0.43472739142988315,-0.5564416545584583,0.10141954264489851,0.0,0.0,1784269752.0265582,0.4347364008426666,-0.5564478635787964,0.1013209466068761,1784269750.9005907,0.43472716577184295,-0.55643672194327,0.10138679610874594,nan,nan,nan,nan,1784269750.9003065,0.0,0.0,1784269751.6862392,0.0,0.0,-1.0,1784269751.686721,10018.7392578125,nan,nan,49.05147171020508,nan
4.199177980422974,1784269752.1138403,BSMC,square,optuna_t001_r02,1784269751.0144992,0.43472739142988315,-0.5564416545584583,0.10141954264489851,0.0,0.0,1784269752.077177,0.4347364008426666,-0.5564478635787964,0.1013209466068761,1784269750.9005907,0.43472716577184295,-0.55643672194327,0.10138679610874594,nan,nan,nan,nan,1784269750.9003065,0.0,0.0,1784269751.6862392,0.0,0.0,-1.0,1784269751.686721,10018.7392578125,nan,nan,49.05147171020508,nan
4.239405393600464,1784269752.1540678,BSMC,square,optuna_t001_r02,1784269751.0144992,0.43472739142988315,-0.5564416545584583,0.10141954264489851,0.0,0.0,1784269752.12667,0.4347374737262726,-0.5564503073692322,0.10130635752084972,1784269750.9005907,0.43472716577184295,-0.55643672194327,0.10138679610874594,nan,nan,nan,nan,1784269750.9003065,0.0,0.0,1784269751.6862392,0.0,0.0,-1.0,1784269751.686721,10018.7392578125,nan,nan,49.05147171020508,nan
4.279203414916992,1784269752.1938658,BSMC,square,optuna_t001_r02,1784269751.0144992,0.43472739142988315,-0.5564416545584583,0.10141954264489851,0.0,0.0,1784269752.175642,0.4347374737262726,-0.5564503073692322,0.10130635752084972,1784269750.9005907,0.43472716577184295,-0.55643672194327,0.10138679610874594,nan,nan,nan,nan,1784269750.9003065,0.0,0.0,1784269751.6862392,0.0,0.0,-1.0,1784269751.686721,10018.7392578125,nan,nan,49.05147171020508,nan
4.320181846618652,1784269752.2348442,BSMC,square,optuna_t001_r02,1784269751.0144992,0.43472739142988315,-0.5564416545584583,0.10141954264489851,0.0,0.0,1784269752.2253616,0.4347374737262726,-0.5564503073692322,0.10130635752084972,1784269750.9005907,0.43472716577184295,-0.55643672194327,0.10138679610874594,nan,nan,nan,nan,1784269750.9003065,0.0,0.0,1784269751.6862392,0.0,0.0,-1.0,1784269751.686721,10018.7392578125,nan,nan,49.05147171020508,nan
4.359172821044922,1784269752.2738352,BSMC,square,optuna_t001_r02,1784269751.0144992,0.43472739142988315,-0.5564416545584583,0.10141954264489851,0.0,0.0,1784269752.2253616,0.4347374737262726,-0.5564503073692322,0.10130635752084972,1784269750.9005907,0.43472716577184295,-0.55643672194327,0.10138679610874594,nan,nan,nan,nan,1784269750.9003065,0.0,0.0,1784269751.6862392,0.0,0.0,-1.0,1784269751.686721,10018.7392578125,nan,nan,49.05147171020508,nan
4.399506092071533,1784269752.3141685,BSMC,square,optuna_t001_r02,1784269751.0144992,0.43472739142988315,-0.5564416545584583,0.10141954264489851,0.0,0.0,1784269752.2753124,0.4347376823425293,-0.5564495921134949,0.10130684487623517,1784269750.9005907,0.43472716577184295,-0.55643672194327,0.10138679610874594,nan,nan,nan,nan,1784269750.9003065,0.0,0.0,1784269751.6862392,0.0,0.0,-1.0,1784269751.686721,10018.7392578125,nan,nan,49.05147171020508,nan
4.439006567001343,1784269752.353669,BSMC,square,optuna_t001_r02,1784269751.0144992,0.43472739142988315,-0.5564416545584583,0.10141954264489851,0.0,0.0,1784269752.3281715,0.4347376823425293,-0.5564495921134949,0.10130684487623517,1784269750.9005907,0.43472716577184295,-0.55643672194327,0.10138679610874594,nan,nan,nan,nan,1784269750.9003065,0.0,0.0,1784269751.6862392,0.0,0.0,-1.0,1784269751.686721,10018.7392578125,nan,nan,49.05147171020508,nan
4.478939533233643,1784269752.393602,BSMC,square,optuna_t001_r02,1784269751.0144992,0.43472739142988315,-0.5564416545584583,0.10141954264489851,0.0,0.0,1784269752.3765626,0.4347376823425293,-0.5564495921134949,0.10130684487623517,1784269750.9005907,0.43472716577184295,-0.55643672194327,0.10138679610874594,nan,nan,nan,nan,1784269750.9003065,0.0,0.0,1784269751.6862392,0.0,0.0,-1.0,1784269751.686721,10018.7392578125,nan,nan,49.05147171020508,nan
4.518961191177368,1784269752.4336236,BSMC,square,optuna_t001_r02,1784269751.0144992,0.43472739142988315,-0.5564416545584583,0.10141954264489851,0.0,0.0,1784269752.4258795,0.4347376823425293,-0.5564495921134949,0.10130684487623517,1784269750.9005907,0.43472716577184295,-0.55643672194327,0.10138679610874594,nan,nan,nan,nan,1784269750.9003065,0.0,0.0,1784269751.6862392,0.0,0.0,-1.0,1784269751.686721,10018.7392578125,nan,nan,49.05147171020508,nan
4.558968782424927,1784269752.4736311,BSMC,square,optuna_t001_r02,1784269751.0144992,0.43472739142988315,-0.5564416545584583,0.10141954264489851,0.0,0.0,1784269752.4258795,0.4347376823425293,-0.5564495921134949,0.10130684487623517,1784269750.9005907,0.43472716577184295,-0.55643672194327,0.10138679610874594,nan,nan,nan,nan,1784269750.9003065,0.0,0.0,1784269751.6862392,0.0,0.0,-1.0,1784269751.686721,10018.7392578125,nan,nan,49.05147171020508,nan
4.598973751068115,1784269752.513636,BSMC,square,optuna_t001_r02,1784269751.0144992,0.43472739142988315,-0.5564416545584583,0.10141954264489851,0.0,0.0,1784269752.4782586,0.4347376823425293,-0.5564495921134949,0.10130684487623517,1784269750.9005907,0.43472716577184295,-0.55643672194327,0.10138679610874594,nan,nan,nan,nan,1784269750.9003065,0.0,0.0,1784269751.6862392,0.0,0.0,-1.0,1784269751.686721,10018.7392578125,nan,nan,49.05147171020508,nan
4.638952016830444,1784269752.5536144,BSMC,square,optuna_t001_r02,1784269751.0144992,0.43472739142988315,-0.5564416545584583,0.10141954264489851,0.0,0.0,1784269752.4782586,0.4347376823425293,-0.5564495921134949,0.10130684487623517,1784269750.9005907,0.43472716577184295,-0.55643672194327,0.10138679610874594,nan,nan,nan,nan,1784269750.9003065,0.0,0.0,1784269751.6862392,0.0,0.0,-1.0,1784269751.686721,10018.7392578125,nan,nan,49.05147171020508,nan
4.6789960861206055,1784269752.5936584,BSMC,square,optuna_t001_r02,1784269751.0144992,0.43472739142988315,-0.5564416545584583,0.10141954264489851,0.0,0.0,1784269752.4782586,0.4347376823425293,-0.5564495921134949,0.10130684487623517,1784269750.9005907,0.43472716577184295,-0.55643672194327,0.10138679610874594,nan,nan,nan,nan,1784269750.9003065,0.0,0.0,1784269751.6862392,0.0,0.0,-1.0,1784269751.686721,10018.7392578125,nan,nan,49.05147171020508,nan
4.718994140625,1784269752.6336565,BSMC,square,optuna_t001_r02,1784269751.0144992,0.43472739142988315,-0.5564416545584583,0.10141954264489851,0.0,0.0,1784269752.4782586,0.4347376823425293,-0.5564495921134949,0.10130684487623517,1784269750.9005907,0.43472716577184295,-0.55643672194327,0.10138679610874594,nan,nan,nan,nan,1784269750.9003065,0.0,0.0,1784269751.6862392,0.0,0.0,-1.0,1784269751.686721,10018.7392578125,nan,nan,49.05147171020508,nan
4.758948802947998,1784269752.6736112,BSMC,square,optuna_t001_r02,1784269751.0144992,0.43472739142988315,-0.5564416545584583,0.10141954264489851,0.0,0.0,1784269752.4782586,0.4347376823425293,-0.5564495921134949,0.10130684487623517,1784269750.9005907,0.43472716577184295,-0.55643672194327,0.10138679610874594,nan,nan,nan,nan,1784269750.9003065,0.0,0.0,1784269751.6862392,0.0,0.0,-1.0,1784269751.686721,10018.7392578125,nan,nan,49.05147171020508,nan
4.798964023590088,1784269752.7136264,BSMC,square,optuna_t001_r02,1784269751.0144992,0.43472739142988315,-0.5564416545584583,0.10141954264489851,0.0,0.0,1784269752.4782586,0.4347376823425293,-0.5564495921134949,0.10130684487623517,1784269750.9005907,0.43472716577184295,-0.55643672194327,0.10138679610874594,nan,nan,nan,nan,1784269750.9003065,0.0,0.0,1784269751.6862392,0.0,0.0,-1.0,1784269751.686721,10018.7392578125,nan,nan,49.05147171020508,nan
4.839010953903198,1784269752.7536733,BSMC,square,optuna_t001_r02,1784269751.0144992,0.43472739142988315,-0.5564416545584583,0.10141954264489851,0.0,0.0,1784269752.4782586,0.4347376823425293,-0.5564495921134949,0.10130684487623517,1784269750.9005907,0.43472716577184295,-0.55643672194327,0.10138679610874594,nan,nan,nan,nan,1784269750.9003065,0.0,0.0,1784269751.6862392,0.0,0.0,-1.0,1784269751.686721,10018.7392578125,nan,nan,49.05147171020508,nan
4.879196643829346,1784269752.793859,BSMC,square,optuna_t001_r02,1784269751.0144992,0.43472739142988315,-0.5564416545584583,0.10141954264489851,0.0,0.0,1784269752.4782586,0.4347376823425293,-0.5564495921134949,0.10130684487623517,1784269750.9005907,0.43472716577184295,-0.55643672194327,0.10138679610874594,nan,nan,nan,nan,1784269750.9003065,0.0,0.0,1784269751.6862392,0.0,0.0,-1.0,1784269751.686721,10018.7392578125,nan,nan,49.05147171020508,nan
4.919111013412476,1784269752.8337734,BSMC,square,optuna_t001_r02,1784269751.0144992,0.43472739142988315,-0.5564416545584583,0.10141954264489851,0.0,0.0,1784269752.4782586,0.4347376823425293,-0.5564495921134949,0.10130684487623517,1784269750.9005907,0.43472716577184295,-0.55643672194327,0.10138679610874594,nan,nan,nan,nan,1784269750.9003065,0.0,0.0,1784269751.6862392,0.0,0.0,-1.0,1784269751.686721,10018.7392578125,nan,nan,49.05147171020508,nan
4.959259748458862,1784269752.873922,BSMC,square,optuna_t001_r02,1784269751.0144992,0.43472739142988315,-0.5564416545584583,0.10141954264489851,0.0,0.0,1784269752.4782586,0.4347376823425293,-0.5564495921134949,0.10130684487623517,1784269750.9005907,0.43472716577184295,-0.55643672194327,0.10138679610874594,nan,nan,nan,nan,1784269750.9003065,0.0,0.0,1784269751.6862392,0.0,0.0,-1.0,1784269751.686721,10018.7392578125,nan,nan,49.05147171020508,nan
4.999248266220093,1784269752.9139106,BSMC,square,optuna_t001_r02,1784269751.0144992,0.43472739142988315,-0.5564416545584583,0.10141954264489851,0.0,0.0,1784269752.4782586,0.4347376823425293,-0.5564495921134949,0.10130684487623517,1784269750.9005907,0.43472716577184295,-0.55643672194327,0.10138679610874594,nan,nan,nan,nan,1784269750.9003065,0.0,0.0,1784269751.6862392,0.0,0.0,-1.0,1784269751.686721,10018.7392578125,nan,nan,49.05147171020508,nan
