t,ros_time,condition,distance_m,rx_time,robot_time_ms,seq,interarrival_ms,seq_gap
0.0,1783764276.191513,Static,10.0,19983.87890625,nan,nan,50.0670280456543,nan
0.050284385681152344,1783764276.2417974,Static,10.0,19983.9296875,nan,nan,50.304359436035156,nan
0.10050106048583984,1783764276.2920141,Static,10.0,19983.978515625,nan,nan,50.08518981933594,nan
0.15038084983825684,1783764276.341894,Static,10.0,19984.029296875,nan,nan,50.12578201293945,nan
0.20069551467895508,1783764276.3922086,Static,10.0,19984.080078125,nan,nan,50.0648078918457,nan
0.25100088119506836,1783764276.442514,Static,10.0,19984.130859375,nan,nan,50.316749572753906,nan
0.3010106086730957,1783764276.4925237,Static,10.0,19984.1796875,nan,nan,50.1976203918457,nan
0.3526878356933594,1783764276.544201,Static,10.0,19984.232421875,nan,nan,51.69181823730469,nan
0.4035472869873047,1783764276.5950603,Static,10.0,19984.283203125,nan,nan,50.78034210205078,nan
0.45159149169921875,1783764276.6431046,Static,10.0,19984.330078125,nan,nan,48.076969146728516,nan
0.505690336227417,1783764276.6972034,Static,10.0,19984.384765625,nan,nan,54.11447525024414,nan
0.5515730381011963,1783764276.743086,Static,10.0,19984.4296875,nan,nan,45.68311309814453,nan
0.6035342216491699,1783764276.7950473,Static,10.0,19984.482421875,nan,nan,52.06268310546875,nan
0.6556704044342041,1783764276.8471835,Static,10.0,19984.53515625,nan,nan,52.22107696533203,nan
0.718496561050415,1783764276.9100096,Static,10.0,19984.59765625,nan,nan,62.80559158325195,nan
0.7518296241760254,1783764276.9433427,Static,10.0,19984.630859375,nan,nan,33.4290771484375,nan
0.8024694919586182,1783764276.9939826,Static,10.0,19984.681640625,nan,nan,50.259605407714844,nan
0.8976378440856934,1783764277.089151,Static,10.0,19984.77734375,nan,nan,95.37023162841797,nan
0.9184970855712891,1783764277.1100101,Static,10.0,19984.796875,nan,nan,20.954814910888672,nan
0.9667770862579346,1783764277.1582901,Static,10.0,19984.845703125,nan,nan,48.22798538208008,nan
1.0056638717651367,1783764277.197177,Static,10.0,19984.884765625,nan,nan,38.641685485839844,nan
1.0536789894104004,1783764277.245192,Static,10.0,19984.93359375,nan,nan,48.16550827026367,nan
1.10369873046875,1783764277.2952118,Static,10.0,19984.982421875,nan,nan,50.02251434326172,nan
1.1531624794006348,1783764277.3446755,Static,10.0,19985.03125,nan,nan,49.418392181396484,nan
1.2035243511199951,1783764277.3950374,Static,10.0,19985.08203125,nan,nan,50.58052444458008,nan
1.2535059452056885,1783764277.445019,Static,10.0,19985.1328125,nan,nan,49.93939971923828,nan
1.3035168647766113,1783764277.49503,Static,10.0,19985.18359375,nan,nan,50.00176239013672,nan
1.354562520980835,1783764277.5460756,Static,10.0,19985.234375,nan,nan,51.02516174316406,nan
1.4043076038360596,1783764277.5958207,Static,10.0,19985.283203125,nan,nan,49.8992805480957,nan
1.4546513557434082,1783764277.6461644,Static,10.0,19985.333984375,nan,nan,50.08888244628906,nan
1.5039122104644775,1783764277.6954253,Static,10.0,19985.3828125,nan,nan,49.44419479370117,nan
1.5539069175720215,1783764277.74542,Static,10.0,19985.43359375,nan,nan,50.089324951171875,nan
1.604067325592041,1783764277.7955804,Static,10.0,19985.482421875,nan,nan,50.04273986816406,nan
1.65425705909729,1783764277.8457701,Static,10.0,19985.533203125,nan,nan,50.11775588989258,nan
1.7056360244750977,1783764277.897149,Static,10.0,19985.583984375,nan,nan,51.359012603759766,nan
1.7547833919525146,1783764277.9462965,Static,10.0,19985.6328125,nan,nan,49.06709289550781,nan
1.8072984218597412,1783764277.9988115,Static,10.0,19985.685546875,nan,nan,52.673057556152344,nan
1.855419635772705,1783764278.0469327,Static,10.0,19985.734375,nan,nan,48.132896423339844,nan
1.9104256629943848,1783764278.1019387,Static,10.0,19985.7890625,nan,nan,55.027069091796875,nan
1.9551289081573486,1783764278.146642,Static,10.0,19985.833984375,nan,nan,44.52573776245117,nan
2.012977361679077,1783764278.2044904,Static,10.0,19985.892578125,nan,nan,57.647972106933594,nan
2.0552420616149902,1783764278.2467551,Static,10.0,19985.93359375,nan,nan,42.685218811035156,nan
2.105642557144165,1783764278.2971556,Static,10.0,19985.984375,nan,nan,50.282596588134766,nan
2.1555252075195312,1783764278.3470383,Static,10.0,19986.03515625,nan,nan,49.969764709472656,nan
2.205843925476074,1783764278.397357,Static,10.0,19986.083984375,nan,nan,50.05424880981445,nan
2.256150484085083,1783764278.4476635,Static,10.0,19986.134765625,nan,nan,50.182456970214844,nan
2.3066556453704834,1783764278.4981687,Static,10.0,19986.185546875,nan,nan,50.68361282348633,nan
2.3560211658477783,1783764278.5475342,Static,10.0,19986.234375,nan,nan,49.54623031616211,nan
2.406064748764038,1783764278.5975778,Static,10.0,19986.28515625,nan,nan,50.07671356201172,nan
2.4564146995544434,1783764278.6479278,Static,10.0,19986.3359375,nan,nan,50.27009582519531,nan
2.513035297393799,1783764278.7045484,Static,10.0,19986.392578125,nan,nan,56.60748291015625,nan
2.5566954612731934,1783764278.7482085,Static,10.0,19986.435546875,nan,nan,43.53953170776367,nan
2.6065382957458496,1783764278.7980514,Static,10.0,19986.486328125,nan,nan,50.07625961303711,nan
2.657392978668213,1783764278.848906,Static,10.0,19986.537109375,nan,nan,50.596031188964844,nan
2.7074339389801025,1783764278.898947,Static,10.0,19986.5859375,nan,nan,50.271705627441406,nan
2.758106231689453,1783764278.9496193,Static,10.0,19986.63671875,nan,nan,50.69010925292969,nan
2.807448625564575,1783764278.9989617,Static,10.0,19986.6875,nan,nan,49.26845932006836,nan
2.8595657348632812,1783764279.0510788,Static,10.0,19986.73828125,nan,nan,52.08283996582031,nan
2.909104108810425,1783764279.1006172,Static,10.0,19986.7890625,nan,nan,49.60125732421875,nan
2.963386058807373,1783764279.1548991,Static,10.0,19986.841796875,nan,nan,54.33272171020508,nan
3.008565664291382,1783764279.2000787,Static,10.0,19986.888671875,nan,nan,45.14235305786133,nan
3.0645456314086914,1783764279.2560587,Static,10.0,19986.943359375,nan,nan,55.93980407714844,nan
3.1079163551330566,1783764279.2994294,Static,10.0,19986.986328125,nan,nan,43.41111373901367,nan
3.1584079265594482,1783764279.349921,Static,10.0,19987.037109375,nan,nan,50.26352310180664,nan
3.208186149597168,1783764279.3996992,Static,10.0,19987.087890625,nan,nan,50.01105499267578,nan
3.2588117122650146,1783764279.4503248,Static,10.0,19987.138671875,nan,nan,50.36787414550781,nan
3.308500289916992,1783764279.5000134,Static,10.0,19987.1875,nan,nan,49.93023681640625,nan
3.3585593700408936,1783764279.5500724,Static,10.0,19987.23828125,nan,nan,50.089786529541016,nan
3.4088854789733887,1783764279.6003985,Static,10.0,19987.287109375,nan,nan,50.268150329589844,nan
3.4596121311187744,1783764279.6511252,Static,10.0,19987.337890625,nan,nan,50.20328903198242,nan
3.5090548992156982,1783764279.700568,Static,10.0,19987.388671875,nan,nan,49.94637680053711,nan
3.5594279766082764,1783764279.750941,Static,10.0,19987.439453125,nan,nan,50.425228118896484,nan
3.6092705726623535,1783764279.8007836,Static,10.0,19987.48828125,nan,nan,49.83211135864258,nan
3.666870594024658,1783764279.8583837,Static,10.0,19987.544921875,nan,nan,57.247039794921875,nan
3.71050763130188,1783764279.9020207,Static,10.0,19987.58984375,nan,nan,43.96232604980469,nan
3.7604987621307373,1783764279.9520118,Static,10.0,19987.638671875,nan,nan,50.012290954589844,nan
3.8106329441070557,1783764280.002146,Static,10.0,19987.689453125,nan,nan,50.220001220703125,nan
3.862009286880493,1783764280.0535223,Static,10.0,19987.740234375,nan,nan,50.989078521728516,nan
3.910443067550659,1783764280.1019561,Static,10.0,19987.7890625,nan,nan,48.73503494262695,nan
3.960247278213501,1783764280.1517603,Static,10.0,19987.83984375,nan,nan,49.83147430419922,nan
4.012124538421631,1783764280.2036376,Static,10.0,19987.890625,nan,nan,51.842098236083984,nan
4.06074595451355,1783764280.252259,Static,10.0,19987.939453125,nan,nan,48.557003021240234,nan
4.11181116104126,1783764280.3033242,Static,10.0,19987.990234375,nan,nan,50.946556091308594,nan
4.1626362800598145,1783764280.3541493,Static,10.0,19988.041015625,nan,nan,51.047393798828125,nan
4.210878372192383,1783764280.4023914,Static,10.0,19988.08984375,nan,nan,48.16537857055664,nan
4.269257068634033,1783764280.4607701,Static,10.0,19988.1484375,nan,nan,58.386024475097656,nan
4.311528444290161,1783764280.5030415,Static,10.0,19988.189453125,nan,nan,41.95287322998047,nan
4.369171857833862,1783764280.560685,Static,10.0,19988.248046875,nan,nan,58.05919647216797,nan
4.4114439487457275,1783764280.602957,Static,10.0,19988.291015625,nan,nan,42.28851318359375,nan
4.470225095748901,1783764280.6617382,Static,10.0,19988.349609375,nan,nan,58.3287467956543,nan
4.511701583862305,1783764280.7032146,Static,10.0,19988.390625,nan,nan,41.7274284362793,nan
4.561734676361084,1783764280.7532477,Static,10.0,19988.44140625,nan,nan,50.148136138916016,nan
4.615791320800781,1783764280.8073044,Static,10.0,19988.494140625,nan,nan,54.093482971191406,nan
4.662108898162842,1783764280.853622,Static,10.0,19988.541015625,nan,nan,46.241451263427734,nan
4.712702751159668,1783764280.9042158,Static,10.0,19988.591796875,nan,nan,50.61391067504883,nan
4.763744592666626,1783764280.9552577,Static,10.0,19988.642578125,nan,nan,50.97908020019531,nan
4.815093278884888,1783764281.0066063,Static,10.0,19988.693359375,nan,nan,51.459190368652344,nan
4.862980127334595,1783764281.0544932,Static,10.0,19988.7421875,nan,nan,47.5986442565918,nan
4.912636041641235,1783764281.104149,Static,10.0,19988.791015625,nan,nan,49.91108703613281,nan
4.9635069370269775,1783764281.15502,Static,10.0,19988.841796875,nan,nan,50.89604187011719,nan
5.013842344284058,1783764281.2053554,Static,10.0,19988.892578125,nan,nan,50.33375549316406,nan
5.063505172729492,1783764281.2550182,Static,10.0,19988.943359375,nan,nan,49.52794647216797,nan
5.113678455352783,1783764281.3051915,Static,10.0,19988.9921875,nan,nan,50.3134651184082,nan
5.164823770523071,1783764281.3563368,Static,10.0,19989.04296875,nan,nan,51.00274658203125,nan
5.2181055545806885,1783764281.4096186,Static,10.0,19989.09765625,nan,nan,53.42403793334961,nan
5.2637152671813965,1783764281.4552283,Static,10.0,19989.142578125,nan,nan,45.507606506347656,nan
5.3153603076934814,1783764281.5068734,Static,10.0,19989.1953125,nan,nan,51.81412124633789,nan
5.363771200180054,1783764281.5552843,Static,10.0,19989.2421875,nan,nan,48.31118392944336,nan
5.418134689331055,1783764281.6096478,Static,10.0,19989.296875,nan,nan,54.14237976074219,nan
5.464221715927124,1783764281.6557348,Static,10.0,19989.34375,nan,nan,46.040775299072266,nan
5.5149617195129395,1783764281.7064748,Static,10.0,19989.39453125,nan,nan,50.96172332763672,nan
5.5641515254974365,1783764281.7556646,Static,10.0,19989.443359375,nan,nan,49.28311538696289,nan
5.614668130874634,1783764281.8061812,Static,10.0,19989.494140625,nan,nan,50.261287689208984,nan
5.664938926696777,1783764281.856452,Static,10.0,19989.54296875,nan,nan,50.35478973388672,nan
5.715728759765625,1783764281.9072418,Static,10.0,19989.595703125,nan,nan,50.919429779052734,nan
5.76674485206604,1783764281.958258,Static,10.0,19989.646484375,nan,nan,50.99333953857422,nan
5.815841913223267,1783764282.007355,Static,10.0,19989.6953125,nan,nan,49.12124252319336,nan
5.865987777709961,1783764282.0575008,Static,10.0,19989.744140625,nan,nan,50.11130905151367,nan
5.915099620819092,1783764282.1066127,Static,10.0,19989.794921875,nan,nan,49.15410614013672,nan
5.966660976409912,1783764282.158174,Static,10.0,19989.845703125,nan,nan,51.49534225463867,nan
6.015331745147705,1783764282.2068448,Static,10.0,19989.89453125,nan,nan,48.76874542236328,nan
6.065626859664917,1783764282.25714,Static,10.0,19989.9453125,nan,nan,50.08026885986328,nan
6.115646839141846,1783764282.30716,Static,10.0,19989.994140625,nan,nan,50.11927032470703,nan
6.165650367736816,1783764282.3571634,Static,10.0,19990.044921875,nan,nan,50.112464904785156,nan
6.215994596481323,1783764282.4075077,Static,10.0,19990.095703125,nan,nan,50.34260177612305,nan
6.2660510540008545,1783764282.457564,Static,10.0,19990.14453125,nan,nan,50.003570556640625,nan
6.316237688064575,1783764282.5077507,Static,10.0,19990.1953125,nan,nan,50.10377883911133,nan
6.366101980209351,1783764282.557615,Static,10.0,19990.24609375,nan,nan,50.02013397216797,nan
6.417756080627441,1783764282.6092691,Static,10.0,19990.296875,nan,nan,51.499053955078125,nan
6.466572284698486,1783764282.6580853,Static,10.0,19990.345703125,nan,nan,48.8275032043457,nan
6.518754720687866,1783764282.7102678,Static,10.0,19990.3984375,nan,nan,52.19658279418945,nan
6.566829204559326,1783764282.7583423,Static,10.0,19990.4453125,nan,nan,48.132503509521484,nan
6.620126962661743,1783764282.81164,Static,10.0,19990.5,nan,nan,53.355587005615234,nan
6.6671836376190186,1783764282.8586967,Static,10.0,19990.546875,nan,nan,46.76876449584961,nan
6.723738431930542,1783764282.9152515,Static,10.0,19990.603515625,nan,nan,56.81660461425781,nan
6.767105340957642,1783764282.9586184,Static,10.0,19990.646484375,nan,nan,43.422428131103516,nan
6.825626850128174,1783764283.01714,Static,10.0,19990.705078125,nan,nan,58.46023178100586,nan
6.867375135421753,1783764283.0588882,Static,10.0,19990.74609375,nan,nan,41.769954681396484,nan
6.917870044708252,1783764283.109383,Static,10.0,19990.796875,nan,nan,50.50083923339844,nan
6.967983245849609,1783764283.1594963,Static,10.0,19990.84765625,nan,nan,49.8997917175293,nan
7.0187859535217285,1783764283.210299,Static,10.0,19990.8984375,nan,nan,51.00287628173828,nan
7.074127912521362,1783764283.265641,Static,10.0,19990.953125,nan,nan,55.32706832885742,nan
7.11853289604187,1783764283.310046,Static,10.0,19990.998046875,nan,nan,43.99571228027344,nan
7.168599367141724,1783764283.3601124,Static,10.0,19991.046875,nan,nan,50.51933288574219,nan
7.2183427810668945,1783764283.4098558,Static,10.0,19991.09765625,nan,nan,49.748138427734375,nan
7.268559694290161,1783764283.4600728,Static,10.0,19991.1484375,nan,nan,50.171363830566406,nan
7.3186140060424805,1783764283.510127,Static,10.0,19991.197265625,nan,nan,50.09769821166992,nan
7.368769884109497,1783764283.560283,Static,10.0,19991.248046875,nan,nan,50.045982360839844,nan
7.42168927192688,1783764283.6132023,Static,10.0,19991.30078125,nan,nan,53.04653549194336,nan
7.469209909439087,1783764283.660723,Static,10.0,19991.34765625,nan,nan,47.38668441772461,nan
7.524046897888184,1783764283.71556,Static,10.0,19991.40234375,nan,nan,54.904998779296875,nan
7.569778919219971,1783764283.761292,Static,10.0,19991.44921875,nan,nan,45.7766227722168,nan
7.619371652603149,1783764283.8108847,Static,10.0,19991.498046875,nan,nan,49.59463882446289,nan
7.669725179672241,1783764283.8612382,Static,10.0,19991.548828125,nan,nan,50.32805633544922,nan
7.730627775192261,1783764283.9221408,Static,10.0,19991.609375,nan,nan,60.24175262451172,nan
7.771540403366089,1783764283.9630535,Static,10.0,19991.650390625,nan,nan,41.628421783447266,nan
7.820933103561401,1783764284.0124462,Static,10.0,19991.69921875,nan,nan,49.29993438720703,nan
7.873774290084839,1783764284.0652874,Static,10.0,19991.75390625,nan,nan,52.9095573425293,nan
7.920088291168213,1783764284.1116014,Static,10.0,19991.798828125,nan,nan,46.3411979675293,nan
7.973697662353516,1783764284.1652107,Static,10.0,19991.853515625,nan,nan,53.555145263671875,nan
8.020583152770996,1783764284.2120962,Static,10.0,19991.900390625,nan,nan,46.60774230957031,nan
8.070484161376953,1783764284.2619972,Static,10.0,19991.94921875,nan,nan,50.164451599121094,nan
8.120611667633057,1783764284.3121247,Static,10.0,19992.0,nan,nan,50.16368103027344,nan
8.170851707458496,1783764284.3623648,Static,10.0,19992.05078125,nan,nan,50.18793869018555,nan
8.223403930664062,1783764284.414917,Static,10.0,19992.103515625,nan,nan,52.5677490234375,nan
8.270950078964233,1783764284.4624631,Static,10.0,19992.150390625,nan,nan,47.5547981262207,nan
8.321056365966797,1783764284.5125694,Static,10.0,19992.19921875,nan,nan,50.05021286010742,nan
8.371060371398926,1783764284.5625734,Static,10.0,19992.25,nan,nan,50.13621520996094,nan
8.422324419021606,1783764284.6138375,Static,10.0,19992.30078125,nan,nan,51.21554183959961,nan
8.471428394317627,1783764284.6629415,Static,10.0,19992.349609375,nan,nan,49.008277893066406,nan
8.522305965423584,1783764284.713819,Static,10.0,19992.40234375,nan,nan,50.946388244628906,nan
8.571516990661621,1783764284.76303,Static,10.0,19992.451171875,nan,nan,49.258602142333984,nan
8.622896671295166,1783764284.8144097,Static,10.0,19992.501953125,nan,nan,50.861610412597656,nan
8.671987533569336,1783764284.8635006,Static,10.0,19992.55078125,nan,nan,49.533843994140625,nan
8.722782611846924,1783764284.9142957,Static,10.0,19992.6015625,nan,nan,50.687374114990234,nan
8.772141218185425,1783764284.9636543,Static,10.0,19992.650390625,nan,nan,49.486549377441406,nan
8.824968338012695,1783764285.0164814,Static,10.0,19992.703125,nan,nan,52.789093017578125,nan
8.874394178390503,1783764285.0659072,Static,10.0,19992.75390625,nan,nan,49.50093460083008,nan
8.924726009368896,1783764285.116239,Static,10.0,19992.8046875,nan,nan,50.34450149536133,nan
8.976800918579102,1783764285.168314,Static,10.0,19992.85546875,nan,nan,51.983619689941406,nan
9.022843360900879,1783764285.2143564,Static,10.0,19992.90234375,nan,nan,46.062400817871094,nan
9.078803300857544,1783764285.2703164,Static,10.0,19992.95703125,nan,nan,56.02301788330078,nan
9.123786926269531,1783764285.3153,Static,10.0,19993.00390625,nan,nan,45.00071334838867,nan
9.181668519973755,1783764285.3731816,Static,10.0,19993.060546875,nan,nan,57.895286560058594,nan
9.225929260253906,1783764285.4174423,Static,10.0,19993.10546875,nan,nan,44.22779846191406,nan
9.273772239685059,1783764285.4652853,Static,10.0,19993.15234375,nan,nan,47.781063079833984,nan
9.32340693473816,1783764285.51492,Static,10.0,19993.203125,nan,nan,49.71714401245117,nan
9.373655796051025,1783764285.5651689,Static,10.0,19993.251953125,nan,nan,50.23215866088867,nan
9.424773693084717,1783764285.6162868,Static,10.0,19993.3046875,nan,nan,51.09681701660156,nan
9.474059820175171,1783764285.665573,Static,10.0,19993.353515625,nan,nan,49.149864196777344,nan
9.524919509887695,1783764285.7164326,Static,10.0,19993.404296875,nan,nan,50.956050872802734,nan
9.574828147888184,1783764285.7663412,Static,10.0,19993.453125,nan,nan,49.99419403076172,nan
9.624793767929077,1783764285.8163068,Static,10.0,19993.50390625,nan,nan,49.974849700927734,nan
9.674813985824585,1783764285.866327,Static,10.0,19993.552734375,nan,nan,49.5823974609375,nan
9.724767446517944,1783764285.9162805,Static,10.0,19993.603515625,nan,nan,50.36480712890625,nan
9.774568796157837,1783764285.9660819,Static,10.0,19993.654296875,nan,nan,49.79513931274414,nan
9.824644804000854,1783764286.0161579,Static,10.0,19993.703125,nan,nan,50.0753173828125,nan
9.8748197555542,1783764286.0663328,Static,10.0,19993.75390625,nan,nan,50.155479431152344,nan
9.926044702529907,1783764286.1175578,Static,10.0,19993.8046875,nan,nan,51.199119567871094,nan
9.977759838104248,1783764286.169273,Static,10.0,19993.857421875,nan,nan,51.7862434387207,nan
10.025253295898438,1783764286.2167664,Static,10.0,19993.904296875,nan,nan,47.45199966430664,nan
10.07593059539795,1783764286.2674437,Static,10.0,19993.955078125,nan,nan,50.65102767944336,nan
10.12752890586853,1783764286.319042,Static,10.0,19994.005859375,nan,nan,51.64875030517578,nan
10.175516605377197,1783764286.3670297,Static,10.0,19994.0546875,nan,nan,47.88985061645508,nan
10.227920055389404,1783764286.419433,Static,10.0,19994.107421875,nan,nan,52.47768783569336,nan
10.275763273239136,1783764286.4672763,Static,10.0,19994.154296875,nan,nan,47.8922233581543,nan
10.329905986785889,1783764286.521419,Static,10.0,19994.208984375,nan,nan,54.12654495239258,nan
10.376018285751343,1783764286.5675313,Static,10.0,19994.255859375,nan,nan,46.09568405151367,nan
10.432749032974243,1783764286.624262,Static,10.0,19994.3125,nan,nan,56.75240707397461,nan
10.476277828216553,1783764286.667791,Static,10.0,19994.35546875,nan,nan,43.470977783203125,nan
10.526516914367676,1783764286.71803,Static,10.0,19994.40625,nan,nan,50.191688537597656,nan
10.576965570449829,1783764286.7684786,Static,10.0,19994.45703125,nan,nan,50.51406478881836,nan
10.626943349838257,1783764286.8184564,Static,10.0,19994.505859375,nan,nan,50.00586700439453,nan
10.676825523376465,1783764286.8683386,Static,10.0,19994.556640625,nan,nan,49.88652420043945,nan
10.740033388137817,1783764286.9315464,Static,10.0,19994.619140625,nan,nan,63.247581481933594,nan
10.782013893127441,1783764286.973527,Static,10.0,19994.662109375,nan,nan,41.971683502197266,nan
10.869776010513306,1783764287.061289,Static,10.0,19994.748046875,nan,nan,87.64630889892578,nan
10.880711793899536,1783764287.0722249,Static,10.0,19994.759765625,nan,nan,11.043537139892578,nan
10.927463054656982,1783764287.118976,Static,10.0,19994.806640625,nan,nan,46.67486572265625,nan
10.97749137878418,1783764287.1690044,Static,10.0,19994.857421875,nan,nan,50.108612060546875,nan
11.027653694152832,1783764287.2191668,Static,10.0,19994.90625,nan,nan,50.1695671081543,nan
11.077868938446045,1783764287.269382,Static,10.0,19994.95703125,nan,nan,50.102115631103516,nan
11.129101037979126,1783764287.320614,Static,10.0,19995.0078125,nan,nan,51.233890533447266,nan
11.17982292175293,1783764287.371336,Static,10.0,19995.05859375,nan,nan,50.7889289855957,nan
11.2282874584198,1783764287.4198005,Static,10.0,19995.107421875,nan,nan,48.39155197143555,nan
11.278764009475708,1783764287.470277,Static,10.0,19995.158203125,nan,nan,50.43766784667969,nan
11.330608367919922,1783764287.5221214,Static,10.0,19995.208984375,nan,nan,51.92817687988281,nan
11.380290985107422,1783764287.571804,Static,10.0,19995.259765625,nan,nan,49.751068115234375,nan
11.434423208236694,1783764287.6259363,Static,10.0,19995.314453125,nan,nan,54.17573547363281,nan
11.4788179397583,1783764287.670331,Static,10.0,19995.357421875,nan,nan,44.28696060180664,nan
11.535687923431396,1783764287.727201,Static,10.0,19995.4140625,nan,nan,56.89126205444336,nan
11.579087734222412,1783764287.7706008,Static,10.0,19995.458984375,nan,nan,43.39548110961914,nan
11.629682064056396,1783764287.8211951,Static,10.0,19995.5078125,nan,nan,50.053409576416016,nan
11.679296970367432,1783764287.87081,Static,10.0,19995.55859375,nan,nan,50.155391693115234,nan
11.73096227645874,1783764287.9224753,Static,10.0,19995.609375,nan,nan,51.672828674316406,nan
11.779843091964722,1783764287.9713562,Static,10.0,19995.658203125,nan,nan,48.68729019165039,nan
11.829650402069092,1783764288.0211635,Static,10.0,19995.708984375,nan,nan,49.92573928833008,nan
11.881255149841309,1783764288.0727682,Static,10.0,19995.759765625,nan,nan,51.56686782836914,nan
11.930217504501343,1783764288.1217306,Static,10.0,19995.80859375,nan,nan,49.034523010253906,nan
11.980188608169556,1783764288.1717017,Static,10.0,19995.859375,nan,nan,50.00590515136719,nan
12.030312538146973,1783764288.2218256,Static,10.0,19995.91015625,nan,nan,50.17802429199219,nan
12.080297708511353,1783764288.2718108,Static,10.0,19995.958984375,nan,nan,49.962772369384766,nan
12.131324768066406,1783764288.3228378,Static,10.0,19996.009765625,nan,nan,50.964595794677734,nan
12.181044816970825,1783764288.3725579,Static,10.0,19996.060546875,nan,nan,49.718650817871094,nan
12.231683254241943,1783764288.4231963,Static,10.0,19996.111328125,nan,nan,50.67164611816406,nan
12.284587144851685,1783764288.4761002,Static,10.0,19996.1640625,nan,nan,52.9327392578125,nan
12.331056594848633,1783764288.5225697,Static,10.0,19996.2109375,nan,nan,46.42721176147461,nan
12.381865501403809,1783764288.5733786,Static,10.0,19996.26171875,nan,nan,50.80321502685547,nan
12.432039260864258,1783764288.6235523,Static,10.0,19996.310546875,nan,nan,50.22002410888672,nan
12.48185133934021,1783764288.6733644,Static,10.0,19996.361328125,nan,nan,49.83137130737305,nan
12.534303665161133,1783764288.7258167,Static,10.0,19996.412109375,nan,nan,51.889007568359375,nan
12.58191990852356,1783764288.773433,Static,10.0,19996.4609375,nan,nan,48.17864990234375,nan
12.632453203201294,1783764288.8239663,Static,10.0,19996.51171875,nan,nan,50.242496490478516,nan
12.683369874954224,1783764288.874883,Static,10.0,19996.5625,nan,nan,51.141483306884766,nan
12.732094049453735,1783764288.923607,Static,10.0,19996.611328125,nan,nan,48.722930908203125,nan
12.785677433013916,1783764288.9771905,Static,10.0,19996.6640625,nan,nan,53.64678192138672,nan
12.832441806793213,1783764289.0239549,Static,10.0,19996.7109375,nan,nan,46.66997528076172,nan
12.897207260131836,1783764289.0887203,Static,10.0,19996.77734375,nan,nan,64.82842254638672,nan
12.93808650970459,1783764289.1295996,Static,10.0,19996.81640625,nan,nan,40.8067741394043,nan
12.99301815032959,1783764289.1845312,Static,10.0,19996.873046875,nan,nan,54.961551666259766,nan
13.034676790237427,1783764289.2261899,Static,10.0,19996.9140625,nan,nan,41.61896896362305,nan
13.083250761032104,1783764289.2747638,Static,10.0,19996.962890625,nan,nan,48.51348876953125,nan
13.134494066238403,1783764289.3260071,Static,10.0,19997.013671875,nan,nan,51.41380310058594,nan
13.184248685836792,1783764289.3757617,Static,10.0,19997.0625,nan,nan,49.73664474487305,nan
13.233489990234375,1783764289.425003,Static,10.0,19997.11328125,nan,nan,49.241451263427734,nan
13.284141778945923,1783764289.4756548,Static,10.0,19997.1640625,nan,nan,50.6549072265625,nan
13.334231853485107,1783764289.525745,Static,10.0,19997.212890625,nan,nan,50.08279800415039,nan
13.384378433227539,1783764289.5758915,Static,10.0,19997.263671875,nan,nan,50.17633056640625,nan
13.43483281135559,1783764289.6263459,Static,10.0,19997.314453125,nan,nan,50.38744354248047,nan
13.485453605651855,1783764289.6769667,Static,10.0,19997.365234375,nan,nan,50.410247802734375,nan
13.537140607833862,1783764289.7286537,Static,10.0,19997.416015625,nan,nan,51.78221130371094,nan
13.59013295173645,1783764289.781646,Static,10.0,19997.46875,nan,nan,53.06477355957031,nan
13.640312433242798,1783764289.8318255,Static,10.0,19997.51953125,nan,nan,50.07406997680664,nan
13.686169624328613,1783764289.8776827,Static,10.0,19997.564453125,nan,nan,46.010746002197266,nan
13.734802722930908,1783764289.9263158,Static,10.0,19997.61328125,nan,nan,48.62322998046875,nan
13.788984775543213,1783764289.9804978,Static,10.0,19997.66796875,nan,nan,54.17357635498047,nan
13.835980653762817,1783764290.0274937,Static,10.0,19997.71484375,nan,nan,47.0185432434082,nan
13.891852140426636,1783764290.0833652,Static,10.0,19997.771484375,nan,nan,55.8481330871582,nan
13.935317754745483,1783764290.1268308,Static,10.0,19997.814453125,nan,nan,43.49435806274414,nan
13.993049144744873,1783764290.1845622,Static,10.0,19997.873046875,nan,nan,57.68565368652344,nan
14.036105632781982,1783764290.2276187,Static,10.0,19997.916015625,nan,nan,43.0888786315918,nan
14.085829973220825,1783764290.277343,Static,10.0,19997.96484375,nan,nan,49.75270462036133,nan
14.137547492980957,1783764290.3290606,Static,10.0,19998.015625,nan,nan,51.339019775390625,nan
14.185969352722168,1783764290.3774824,Static,10.0,19998.064453125,nan,nan,48.86821746826172,nan
14.23818588256836,1783764290.429699,Static,10.0,19998.1171875,nan,nan,52.08725357055664,nan
14.28646969795227,1783764290.4779828,Static,10.0,19998.166015625,nan,nan,48.3388671875,nan
14.337096929550171,1783764290.52861,Static,10.0,19998.216796875,nan,nan,50.589115142822266,nan
14.386860132217407,1783764290.5783732,Static,10.0,19998.265625,nan,nan,49.856651306152344,nan
14.436795234680176,1783764290.6283083,Static,10.0,19998.31640625,nan,nan,49.87616729736328,nan
14.487642765045166,1783764290.6791558,Static,10.0,19998.3671875,nan,nan,50.89215850830078,nan
14.543755292892456,1783764290.7352684,Static,10.0,19998.421875,nan,nan,55.94164276123047,nan
14.58724069595337,1783764290.7787538,Static,10.0,19998.466796875,nan,nan,43.53091049194336,nan
14.638794898986816,1783764290.830308,Static,10.0,19998.517578125,nan,nan,51.267086029052734,nan
14.688026189804077,1783764290.8795393,Static,10.0,19998.56640625,nan,nan,49.608280181884766,nan
14.774268388748169,1783764290.9657815,Static,10.0,19998.654296875,nan,nan,86.10304260253906,nan
14.801684141159058,1783764290.9931972,Static,10.0,19998.681640625,nan,nan,27.45395851135254,nan
14.851069211959839,1783764291.0425823,Static,10.0,19998.73046875,nan,nan,49.468017578125,nan
14.888307571411133,1783764291.0798206,Static,10.0,19998.767578125,nan,nan,37.2517204284668,nan
14.93818736076355,1783764291.1297004,Static,10.0,19998.81640625,nan,nan,49.77648162841797,nan
15.007960319519043,1783764291.1994734,Static,10.0,19998.88671875,nan,nan,69.85995483398438,nan
15.038424730300903,1783764291.2299378,Static,10.0,19998.91796875,nan,nan,30.353755950927734,nan
15.089262008666992,1783764291.280775,Static,10.0,19998.96875,nan,nan,50.832496643066406,nan
15.139642238616943,1783764291.3311553,Static,10.0,19999.01953125,nan,nan,50.510093688964844,nan
15.188685417175293,1783764291.3801985,Static,10.0,19999.068359375,nan,nan,49.04381561279297,nan
15.24408769607544,1783764291.4356008,Static,10.0,19999.123046875,nan,nan,55.37986373901367,nan
15.28984808921814,1783764291.4813612,Static,10.0,19999.169921875,nan,nan,45.78380584716797,nan
15.345138788223267,1783764291.5366518,Static,10.0,19999.224609375,nan,nan,55.26239013671875,nan
15.400998830795288,1783764291.592512,Static,10.0,19999.279296875,nan,nan,55.84730529785156,nan
15.447466611862183,1783764291.6389797,Static,10.0,19999.326171875,nan,nan,46.18269348144531,nan
15.489485740661621,1783764291.6809988,Static,10.0,19999.369140625,nan,nan,42.341644287109375,nan
15.542337894439697,1783764291.733851,Static,10.0,19999.419921875,nan,nan,51.63740539550781,nan
15.589877367019653,1783764291.7813904,Static,10.0,19999.46875,nan,nan,48.62259292602539,nan
15.64123797416687,1783764291.832751,Static,10.0,19999.51953125,nan,nan,51.38961410522461,nan
15.690160036087036,1783764291.881673,Static,10.0,19999.568359375,nan,nan,48.75325012207031,nan
15.741126298904419,1783764291.9326394,Static,10.0,19999.62109375,nan,nan,51.192684173583984,nan
15.796081781387329,1783764291.9875948,Static,10.0,19999.67578125,nan,nan,55.05439376831055,nan
15.841233730316162,1783764292.0327468,Static,10.0,19999.720703125,nan,nan,45.088096618652344,nan
15.892106533050537,1783764292.0836196,Static,10.0,19999.771484375,nan,nan,50.895599365234375,nan
15.942000150680542,1783764292.1335132,Static,10.0,19999.8203125,nan,nan,49.92234420776367,nan
16.001007318496704,1783764292.1925204,Static,10.0,19999.880859375,nan,nan,58.83673095703125,nan
16.04176664352417,1783764292.2332797,Static,10.0,19999.919921875,nan,nan,40.361328125,nan
16.092507123947144,1783764292.2840202,Static,10.0,19999.970703125,nan,nan,51.23201370239258,nan
16.14492177963257,1783764292.3364348,Static,10.0,20000.0234375,nan,nan,52.44573974609375,nan
16.19130229949951,1783764292.3828154,Static,10.0,20000.0703125,nan,nan,46.34674835205078,nan
16.245829820632935,1783764292.437343,Static,10.0,20000.125,nan,nan,54.53022003173828,nan
16.291428804397583,1783764292.4829419,Static,10.0,20000.169921875,nan,nan,45.6596794128418,nan
16.35023331642151,1783764292.5417464,Static,10.0,20000.228515625,nan,nan,58.76020812988281,nan
16.39169144630432,1783764292.5832045,Static,10.0,20000.271484375,nan,nan,41.517852783203125,nan
16.451127529144287,1783764292.6426406,Static,10.0,20000.330078125,nan,nan,59.4118766784668,nan
16.49248719215393,1783764292.6840003,Static,10.0,20000.37109375,nan,nan,41.10190200805664,nan
16.543246269226074,1783764292.7347593,Static,10.0,20000.421875,nan,nan,50.881874084472656,nan
16.593505144119263,1783764292.7850182,Static,10.0,20000.47265625,nan,nan,50.1124382019043,nan
16.644514799118042,1783764292.8360279,Static,10.0,20000.5234375,nan,nan,51.252262115478516,nan
16.692485809326172,1783764292.8839989,Static,10.0,20000.572265625,nan,nan,48.01248550415039,nan
16.74307894706726,1783764292.934592,Static,10.0,20000.623046875,nan,nan,50.529022216796875,nan
16.79332399368286,1783764292.984837,Static,10.0,20000.671875,nan,nan,50.24484634399414,nan
16.846089601516724,1783764293.0376027,Static,10.0,20000.724609375,nan,nan,52.724369049072266,nan
16.893006801605225,1783764293.0845199,Static,10.0,20000.771484375,nan,nan,47.00798034667969,nan
16.94422698020935,1783764293.13574,Static,10.0,20000.82421875,nan,nan,51.21479415893555,nan
16.997191905975342,1783764293.188705,Static,10.0,20000.876953125,nan,nan,52.88916778564453,nan
17.051344633102417,1783764293.2428577,Static,10.0,20000.9296875,nan,nan,54.20618438720703,nan
17.0937340259552,1783764293.285247,Static,10.0,20000.97265625,nan,nan,42.438228607177734,nan
17.14365863800049,1783764293.3351717,Static,10.0,20001.0234375,nan,nan,49.91490936279297,nan
17.194356441497803,1783764293.3858695,Static,10.0,20001.07421875,nan,nan,50.58491134643555,nan
17.244372844696045,1783764293.435886,Static,10.0,20001.123046875,nan,nan,49.9926643371582,nan
17.29405164718628,1783764293.4855647,Static,10.0,20001.173828125,nan,nan,49.76619338989258,nan
17.3441641330719,1783764293.5356772,Static,10.0,20001.22265625,nan,nan,50.05210494995117,nan
17.395132780075073,1783764293.5866458,Static,10.0,20001.2734375,nan,nan,51.115047454833984,nan
17.444690942764282,1783764293.636204,Static,10.0,20001.32421875,nan,nan,49.38044357299805,nan
17.494675159454346,1783764293.6861882,Static,10.0,20001.373046875,nan,nan,50.078216552734375,nan
17.545108318328857,1783764293.7366214,Static,10.0,20001.423828125,nan,nan,50.29656219482422,nan
17.597181797027588,1783764293.7886949,Static,10.0,20001.4765625,nan,nan,52.2923469543457,nan
17.644973516464233,1783764293.8364866,Static,10.0,20001.5234375,nan,nan,47.74428939819336,nan
17.69790816307068,1783764293.8894212,Static,10.0,20001.576171875,nan,nan,52.96802520751953,nan
17.745312690734863,1783764293.9368258,Static,10.0,20001.625,nan,nan,47.38106918334961,nan
17.80007529258728,1783764293.9915884,Static,10.0,20001.6796875,nan,nan,54.72783279418945,nan
17.84574842453003,1783764294.0372615,Static,10.0,20001.724609375,nan,nan,45.45204544067383,nan
17.906709909439087,1783764294.098223,Static,10.0,20001.78515625,nan,nan,61.154998779296875,nan
17.945798873901367,1783764294.137312,Static,10.0,20001.82421875,nan,nan,39.17270278930664,nan
17.996075868606567,1783764294.187589,Static,10.0,20001.875,nan,nan,50.21956253051758,nan
18.04618263244629,1783764294.2376957,Static,10.0,20001.92578125,nan,nan,50.13969421386719,nan
18.096332788467407,1783764294.2878458,Static,10.0,20001.974609375,nan,nan,50.1494255065918,nan
18.147875785827637,1783764294.3393888,Static,10.0,20002.02734375,nan,nan,51.58216094970703,nan
18.1966335773468,1783764294.3881466,Static,10.0,20002.076171875,nan,nan,48.65576171875,nan
18.246894359588623,1783764294.4384074,Static,10.0,20002.126953125,nan,nan,50.23305130004883,nan
18.297011375427246,1783764294.4885244,Static,10.0,20002.17578125,nan,nan,50.1812858581543,nan
18.347849369049072,1783764294.5393624,Static,10.0,20002.2265625,nan,nan,50.79051208496094,nan
18.397141933441162,1783764294.588655,Static,10.0,20002.275390625,nan,nan,49.28068542480469,nan
18.44752812385559,1783764294.6390412,Static,10.0,20002.326171875,nan,nan,50.44832229614258,nan
18.50029706954956,1783764294.6918101,Static,10.0,20002.37890625,nan,nan,52.77641296386719,nan
18.54752779006958,1783764294.7390409,Static,10.0,20002.42578125,nan,nan,47.18368911743164,nan
18.600990056991577,1783764294.792503,Static,10.0,20002.48046875,nan,nan,53.522254943847656,nan
18.64779019355774,1783764294.8393033,Static,10.0,20002.52734375,nan,nan,46.73167037963867,nan
18.704434394836426,1783764294.8959475,Static,10.0,20002.583984375,nan,nan,56.6866455078125,nan
18.748046398162842,1783764294.9395595,Static,10.0,20002.626953125,nan,nan,43.630897521972656,nan
18.805833101272583,1783764294.9973462,Static,10.0,20002.685546875,nan,nan,57.80904006958008,nan
18.848634481430054,1783764295.0401475,Static,10.0,20002.728515625,nan,nan,42.7088737487793,nan
18.911219120025635,1783764295.1027322,Static,10.0,20002.791015625,nan,nan,62.632041931152344,nan
18.948522090911865,1783764295.1400352,Static,10.0,20002.828125,nan,nan,37.340763092041016,nan
18.99909782409668,1783764295.190611,Static,10.0,20002.87890625,nan,nan,50.48941421508789,nan
19.049009799957275,1783764295.2405229,Static,10.0,20002.927734375,nan,nan,49.882041931152344,nan
19.101128816604614,1783764295.2926419,Static,10.0,20002.98046875,nan,nan,52.14520263671875,nan
19.149064302444458,1783764295.3405774,Static,10.0,20003.02734375,nan,nan,48.00408172607422,nan
19.206299543380737,1783764295.3978126,Static,10.0,20003.0859375,nan,nan,57.15285110473633,nan
19.24950075149536,1783764295.4410138,Static,10.0,20003.12890625,nan,nan,43.120487213134766,nan
19.29958939552307,1783764295.4911025,Static,10.0,20003.1796875,nan,nan,50.206912994384766,nan
19.349637985229492,1783764295.541151,Static,10.0,20003.228515625,nan,nan,50.09743881225586,nan
19.39983582496643,1783764295.591349,Static,10.0,20003.279296875,nan,nan,50.18931579589844,nan
19.45015287399292,1783764295.641666,Static,10.0,20003.328125,nan,nan,50.07558059692383,nan
19.50058627128601,1783764295.6920993,Static,10.0,20003.37890625,nan,nan,50.59577941894531,nan
19.55056381225586,1783764295.7420769,Static,10.0,20003.4296875,nan,nan,49.95389938354492,nan
19.600569009780884,1783764295.792082,Static,10.0,20003.478515625,nan,nan,49.83673858642578,nan
19.65157198905945,1783764295.843085,Static,10.0,20003.53125,nan,nan,51.10661315917969,nan
19.701375007629395,1783764295.892888,Static,10.0,20003.580078125,nan,nan,49.86954116821289,nan
19.75071358680725,1783764295.9422266,Static,10.0,20003.62890625,nan,nan,49.38042449951172,nan
19.801007986068726,1783764295.992521,Static,10.0,20003.6796875,nan,nan,50.262290954589844,nan
19.85124969482422,1783764296.0427628,Static,10.0,20003.73046875,nan,nan,50.159950256347656,nan
19.901183605194092,1783764296.0926967,Static,10.0,20003.779296875,nan,nan,50.0203971862793,nan
19.95129942893982,1783764296.1428125,Static,10.0,20003.830078125,nan,nan,50.197452545166016,nan
20.006178379058838,1783764296.1976914,Static,10.0,20003.884765625,nan,nan,54.9374885559082,nan
20.05346965789795,1783764296.2449827,Static,10.0,20003.93359375,nan,nan,47.2413215637207,nan
20.10179376602173,1783764296.2933068,Static,10.0,20003.98046875,nan,nan,48.277923583984375,nan
20.15500783920288,1783764296.346521,Static,10.0,20004.03515625,nan,nan,53.27241897583008,nan
20.201963186264038,1783764296.3934762,Static,10.0,20004.08203125,nan,nan,46.88970947265625,nan
20.25999164581299,1783764296.4515047,Static,10.0,20004.138671875,nan,nan,57.975345611572266,nan
20.304452896118164,1783764296.495966,Static,10.0,20004.18359375,nan,nan,44.5822639465332,nan
20.359264373779297,1783764296.5507774,Static,10.0,20004.23828125,nan,nan,54.772499084472656,nan
20.40246868133545,1783764296.5939817,Static,10.0,20004.28125,nan,nan,43.187984466552734,nan
20.4531409740448,1783764296.644654,Static,10.0,20004.33203125,nan,nan,50.6084098815918,nan
20.509889841079712,1783764296.701403,Static,10.0,20004.388671875,nan,nan,56.47195053100586,nan
20.56625461578369,1783764296.7577677,Static,10.0,20004.4453125,nan,nan,56.666343688964844,nan
20.60310435295105,1783764296.7946174,Static,10.0,20004.482421875,nan,nan,36.89032745361328,nan
20.653318166732788,1783764296.8448312,Static,10.0,20004.533203125,nan,nan,50.11520004272461,nan
20.706485748291016,1783764296.8979988,Static,10.0,20004.5859375,nan,nan,53.188655853271484,nan
20.755003452301025,1783764296.9465165,Static,10.0,20004.634765625,nan,nan,48.65761947631836,nan
20.806366682052612,1783764296.9978797,Static,10.0,20004.685546875,nan,nan,51.30311965942383,nan
20.85541296005249,1783764297.046926,Static,10.0,20004.734375,nan,nan,49.03911209106445,nan
20.90407419204712,1783764297.0955873,Static,10.0,20004.783203125,nan,nan,48.69092559814453,nan
20.957788705825806,1783764297.1493018,Static,10.0,20004.837890625,nan,nan,53.71589660644531,nan
21.00444221496582,1783764297.1959553,Static,10.0,20004.8828125,nan,nan,46.57021713256836,nan
21.058678150177002,1783764297.2501912,Static,10.0,20004.9375,nan,nan,54.205806732177734,nan
21.10434079170227,1783764297.2958539,Static,10.0,20004.984375,nan,nan,45.755714416503906,nan
21.1619610786438,1783764297.3534741,Static,10.0,20005.041015625,nan,nan,57.603965759277344,nan
21.205390691757202,1783764297.3969038,Static,10.0,20005.083984375,nan,nan,43.429779052734375,nan
21.263683319091797,1783764297.4551964,Static,10.0,20005.142578125,nan,nan,58.288116455078125,nan
21.30496120452881,1783764297.4964743,Static,10.0,20005.18359375,nan,nan,41.15436935424805,nan
21.355756759643555,1783764297.5472698,Static,10.0,20005.234375,nan,nan,50.91411209106445,nan
21.405388593673706,1783764297.5969017,Static,10.0,20005.28515625,nan,nan,49.408504486083984,nan
21.45508360862732,1783764297.6465967,Static,10.0,20005.333984375,nan,nan,49.89049530029297,nan
21.507129430770874,1783764297.6986425,Static,10.0,20005.38671875,nan,nan,51.9671630859375,nan
21.555521965026855,1783764297.747035,Static,10.0,20005.435546875,nan,nan,48.534156799316406,nan
21.607386589050293,1783764297.7988997,Static,10.0,20005.486328125,nan,nan,51.89628982543945,nan
21.661054134368896,1783764297.8525672,Static,10.0,20005.541015625,nan,nan,53.496089935302734,nan
21.70736598968506,1783764297.898879,Static,10.0,20005.5859375,nan,nan,46.5087776184082,nan
21.761406421661377,1783764297.9529195,Static,10.0,20005.640625,nan,nan,53.96554183959961,nan
21.80599331855774,1783764297.9975064,Static,10.0,20005.685546875,nan,nan,44.62758255004883,nan
21.860657453536987,1783764298.0521705,Static,10.0,20005.740234375,nan,nan,54.517189025878906,nan
21.906434535980225,1783764298.0979476,Static,10.0,20005.78515625,nan,nan,45.93935012817383,nan
21.956658840179443,1783764298.148172,Static,10.0,20005.8359375,nan,nan,50.11774826049805,nan
22.008169889450073,1783764298.199683,Static,10.0,20005.88671875,nan,nan,51.6198616027832,nan
22.05666947364807,1783764298.2481825,Static,10.0,20005.935546875,nan,nan,48.53750228881836,nan
22.10736584663391,1783764298.298879,Static,10.0,20005.986328125,nan,nan,50.49863815307617,nan
22.157153606414795,1783764298.3486667,Static,10.0,20006.037109375,nan,nan,49.79237747192383,nan
22.20719075202942,1783764298.3987038,Static,10.0,20006.0859375,nan,nan,50.10494613647461,nan
22.257318019866943,1783764298.448831,Static,10.0,20006.13671875,nan,nan,50.21626663208008,nan
22.307644367218018,1783764298.4991574,Static,10.0,20006.1875,nan,nan,50.2752685546875,nan
22.35773205757141,1783764298.549245,Static,10.0,20006.236328125,nan,nan,50.12893295288086,nan
22.407898426055908,1783764298.5994115,Static,10.0,20006.287109375,nan,nan,50.045753479003906,nan
22.45793867111206,1783764298.6494517,Static,10.0,20006.337890625,nan,nan,50.160892486572266,nan
22.50839877128601,1783764298.6999118,Static,10.0,20006.38671875,nan,nan,50.51387023925781,nan
22.558319330215454,1783764298.7498324,Static,10.0,20006.4375,nan,nan,49.83241653442383,nan
22.609751224517822,1783764298.8012643,Static,10.0,20006.48828125,nan,nan,51.485809326171875,nan
22.658420085906982,1783764298.8499331,Static,10.0,20006.537109375,nan,nan,48.67697525024414,nan
22.71246314048767,1783764298.9039762,Static,10.0,20006.591796875,nan,nan,53.78269958496094,nan
22.76859760284424,1783764298.9601107,Static,10.0,20006.6484375,nan,nan,56.30052185058594,nan
22.817389249801636,1783764299.0089023,Static,10.0,20006.697265625,nan,nan,48.79916763305664,nan
22.860450267791748,1783764299.0519633,Static,10.0,20006.740234375,nan,nan,43.13682174682617,nan
22.91677689552307,1783764299.10829,Static,10.0,20006.796875,nan,nan,56.32331085205078,nan
22.95963478088379,1783764299.1511478,Static,10.0,20006.837890625,nan,nan,42.800167083740234,nan
23.009420156478882,1783764299.2009332,Static,10.0,20006.888671875,nan,nan,49.81810760498047,nan
23.060047149658203,1783764299.2515602,Static,10.0,20006.939453125,nan,nan,50.4754638671875,nan
23.10984492301941,1783764299.301358,Static,10.0,20006.98828125,nan,nan,49.9357795715332,nan
23.16004467010498,1783764299.3515577,Static,10.0,20007.0390625,nan,nan,50.18250274658203,nan
23.211472511291504,1783764299.4029856,Static,10.0,20007.08984375,nan,nan,51.41975784301758,nan
23.26297378540039,1783764299.4544868,Static,10.0,20007.142578125,nan,nan,51.56864929199219,nan
23.31313943862915,1783764299.5046525,Static,10.0,20007.19140625,nan,nan,50.02934646606445,nan
23.360747575759888,1783764299.5522606,Static,10.0,20007.240234375,nan,nan,47.73654556274414,nan
23.414066553115845,1783764299.6055796,Static,10.0,20007.29296875,nan,nan,53.287513732910156,nan
23.460833311080933,1783764299.6523464,Static,10.0,20007.33984375,nan,nan,46.77854537963867,nan
23.516278505325317,1783764299.7077916,Static,10.0,20007.39453125,nan,nan,55.440086364746094,nan
23.582573175430298,1783764299.7740862,Static,10.0,20007.4609375,nan,nan,66.22543334960938,nan
23.61945867538452,1783764299.8109717,Static,10.0,20007.498046875,nan,nan,36.975589752197266,nan
23.661637783050537,1783764299.8531508,Static,10.0,20007.541015625,nan,nan,41.94541931152344,nan
23.711368560791016,1783764299.9028816,Static,10.0,20007.58984375,nan,nan,49.92469787597656,nan
23.761868238449097,1783764299.9533813,Static,10.0,20007.640625,nan,nan,50.31747055053711,nan
23.82477331161499,1783764300.0162864,Static,10.0,20007.703125,nan,nan,62.68801498413086,nan
23.86162805557251,1783764300.053141,Static,10.0,20007.740234375,nan,nan,37.330692291259766,nan
23.912315368652344,1783764300.1038284,Static,10.0,20007.791015625,nan,nan,50.53229522705078,nan
23.96196222305298,1783764300.1534753,Static,10.0,20007.841796875,nan,nan,49.79429244995117,nan
24.01218342781067,1783764300.2036965,Static,10.0,20007.890625,nan,nan,50.19992446899414,nan
24.06221628189087,1783764300.2537293,Static,10.0,20007.94140625,nan,nan,50.00504684448242,nan
24.114213466644287,1783764300.3057265,Static,10.0,20007.994140625,nan,nan,52.00749969482422,nan
24.162519931793213,1783764300.354033,Static,10.0,20008.041015625,nan,nan,48.317264556884766,nan
24.213733911514282,1783764300.405247,Static,10.0,20008.09375,nan,nan,51.079795837402344,nan
24.262935161590576,1783764300.4544482,Static,10.0,20008.142578125,nan,nan,49.30338668823242,nan
24.317085027694702,1783764300.508598,Static,10.0,20008.1953125,nan,nan,54.094539642333984,nan
24.363111972808838,1783764300.554625,Static,10.0,20008.2421875,nan,nan,46.118465423583984,nan
24.419193506240845,1783764300.6107066,Static,10.0,20008.298828125,nan,nan,56.068634033203125,nan
24.466573238372803,1783764300.6580863,Static,10.0,20008.345703125,nan,nan,47.363189697265625,nan
24.513514280319214,1783764300.7050273,Static,10.0,20008.392578125,nan,nan,46.967437744140625,nan
24.564389944076538,1783764300.755903,Static,10.0,20008.443359375,nan,nan,50.9035530090332,nan
24.613826274871826,1783764300.8053393,Static,10.0,20008.4921875,nan,nan,49.39615249633789,nan
24.66457223892212,1783764300.8560853,Static,10.0,20008.54296875,nan,nan,50.588958740234375,nan
24.714155912399292,1783764300.905669,Static,10.0,20008.59375,nan,nan,49.75151062011719,nan
24.764341592788696,1783764300.9558547,Static,10.0,20008.642578125,nan,nan,50.207313537597656,nan
24.81451106071472,1783764301.0060241,Static,10.0,20008.693359375,nan,nan,50.137168884277344,nan
24.870398998260498,1783764301.061912,Static,10.0,20008.75,nan,nan,55.93315887451172,nan
24.93949604034424,1783764301.131009,Static,10.0,20008.818359375,nan,nan,69.10070037841797,nan
24.965612411499023,1783764301.1571255,Static,10.0,20008.845703125,nan,nan,26.10847282409668,nan
25.014867305755615,1783764301.2063804,Static,10.0,20008.89453125,nan,nan,49.237083435058594,nan
25.06683349609375,1783764301.2583466,Static,10.0,20008.9453125,nan,nan,51.970069885253906,nan
25.115196228027344,1783764301.3067093,Static,10.0,20008.994140625,nan,nan,48.294281005859375,nan
25.168579816818237,1783764301.3600929,Static,10.0,20009.046875,nan,nan,53.432029724121094,nan
25.215566635131836,1783764301.4070797,Static,10.0,20009.09375,nan,nan,46.94522476196289,nan
25.27030611038208,1783764301.4618192,Static,10.0,20009.150390625,nan,nan,54.82197570800781,nan
25.316577911376953,1783764301.508091,Static,10.0,20009.1953125,nan,nan,46.2331428527832,nan
25.373038291931152,1783764301.5645514,Static,10.0,20009.251953125,nan,nan,56.30366897583008,nan
25.416115045547485,1783764301.607628,Static,10.0,20009.294921875,nan,nan,43.0452995300293,nan
25.47543692588806,1783764301.66695,Static,10.0,20009.35546875,nan,nan,59.49430847167969,nan
25.517894506454468,1783764301.7094076,Static,10.0,20009.396484375,nan,nan,42.384796142578125,nan
25.56990361213684,1783764301.7614167,Static,10.0,20009.44921875,nan,nan,51.938358306884766,nan
25.616459131240845,1783764301.8079722,Static,10.0,20009.49609375,nan,nan,46.690826416015625,nan
25.667686939239502,1783764301.8592,Static,10.0,20009.546875,nan,nan,51.259281158447266,nan
25.721673011779785,1783764301.913186,Static,10.0,20009.6015625,nan,nan,53.98714065551758,nan
25.77470827102661,1783764301.9662213,Static,10.0,20009.654296875,nan,nan,52.8466682434082,nan
25.818578243255615,1783764302.0100913,Static,10.0,20009.697265625,nan,nan,44.004364013671875,nan
25.885695219039917,1783764302.0772083,Static,10.0,20009.765625,nan,nan,67.2020034790039,nan
25.9245502948761,1783764302.1160634,Static,10.0,20009.8046875,nan,nan,38.8172607421875,nan
25.978776454925537,1783764302.1702895,Static,10.0,20009.857421875,nan,nan,54.15528869628906,nan
26.01741909980774,1783764302.2089322,Static,10.0,20009.896484375,nan,nan,38.74440002441406,nan
26.080495595932007,1783764302.2720087,Static,10.0,20009.958984375,nan,nan,63.01665496826172,nan
26.11778211593628,1783764302.3092952,Static,10.0,20009.99609375,nan,nan,37.28389358520508,nan
26.167757511138916,1783764302.3592706,Static,10.0,20010.046875,nan,nan,49.985267639160156,nan
26.218071937561035,1783764302.409585,Static,10.0,20010.09765625,nan,nan,50.11988067626953,nan
26.26832604408264,1783764302.459839,Static,10.0,20010.1484375,nan,nan,50.48117446899414,nan
26.31853461265564,1783764302.5100477,Static,10.0,20010.197265625,nan,nan,50.23402786254883,nan
26.36823058128357,1783764302.5597436,Static,10.0,20010.248046875,nan,nan,49.677467346191406,nan
26.418586254119873,1783764302.6100993,Static,10.0,20010.296875,nan,nan,50.044864654541016,nan
26.469504833221436,1783764302.661018,Static,10.0,20010.349609375,nan,nan,51.202823638916016,nan
26.518640279769897,1783764302.7101533,Static,10.0,20010.3984375,nan,nan,49.095787048339844,nan
26.569432497024536,1783764302.7609456,Static,10.0,20010.44921875,nan,nan,50.87443923950195,nan
26.61902642250061,1783764302.8105395,Static,10.0,20010.498046875,nan,nan,49.57086181640625,nan
26.669203281402588,1783764302.8607163,Static,10.0,20010.548828125,nan,nan,50.121639251708984,nan
26.720183610916138,1783764302.9116967,Static,10.0,20010.599609375,nan,nan,50.42696762084961,nan
26.775896310806274,1783764302.9674094,Static,10.0,20010.654296875,nan,nan,56.29027557373047,nan
26.819588899612427,1783764303.011102,Static,10.0,20010.69921875,nan,nan,43.695960998535156,nan
26.869720220565796,1783764303.0612333,Static,10.0,20010.748046875,nan,nan,50.146278381347656,nan
26.920682668685913,1783764303.1121957,Static,10.0,20010.80078125,nan,nan,50.94451904296875,nan
26.97249174118042,1783764303.1640048,Static,10.0,20010.8515625,nan,nan,51.84379577636719,nan
27.02160358428955,1783764303.2131166,Static,10.0,20010.900390625,nan,nan,49.048160552978516,nan
27.120697021484375,1783764303.31221,Static,10.0,20011.0,nan,nan,98.97066497802734,nan
27.121704578399658,1783764303.3132176,Static,10.0,20011.001953125,nan,nan,1.2870869636535645,nan
27.170676708221436,1783764303.3621898,Static,10.0,20011.05078125,nan,nan,48.82986831665039,nan
27.220643043518066,1783764303.412156,Static,10.0,20011.099609375,nan,nan,50.020198822021484,nan
27.27226758003235,1783764303.4637806,Static,10.0,20011.150390625,nan,nan,51.501949310302734,nan
27.32094144821167,1783764303.5124545,Static,10.0,20011.19921875,nan,nan,48.714385986328125,nan
27.3711416721344,1783764303.5626547,Static,10.0,20011.25,nan,nan,50.27146911621094,nan
27.421349048614502,1783764303.612862,Static,10.0,20011.30078125,nan,nan,50.00395965576172,nan
27.471369981765747,1783764303.662883,Static,10.0,20011.349609375,nan,nan,50.20546340942383,nan
27.522851943969727,1783764303.714365,Static,10.0,20011.40234375,nan,nan,51.37052917480469,nan
27.571894884109497,1783764303.763408,Static,10.0,20011.451171875,nan,nan,48.98855972290039,nan
27.624168395996094,1783764303.8156815,Static,10.0,20011.50390625,nan,nan,52.366756439208984,nan
27.672236442565918,1783764303.8637495,Static,10.0,20011.55078125,nan,nan,48.1347770690918,nan
27.72654104232788,1783764303.918054,Static,10.0,20011.60546875,nan,nan,54.23976135253906,nan
27.772135972976685,1783764303.963649,Static,10.0,20011.650390625,nan,nan,45.69478225708008,nan
27.829659700393677,1783764304.0211728,Static,10.0,20011.708984375,nan,nan,57.51805877685547,nan
27.896849870681763,1783764304.088363,Static,10.0,20011.775390625,nan,nan,67.11011505126953,nan
27.922481775283813,1783764304.1139948,Static,10.0,20011.80078125,nan,nan,25.728181838989258,nan
27.9748318195343,1783764304.166345,Static,10.0,20011.853515625,nan,nan,52.26454544067383,nan
28.024264812469482,1783764304.2157779,Static,10.0,20011.904296875,nan,nan,49.50768280029297,nan
28.072840690612793,1783764304.2643538,Static,10.0,20011.951171875,nan,nan,48.52266311645508,nan
28.124194145202637,1783764304.3157072,Static,10.0,20012.00390625,nan,nan,51.323307037353516,nan
28.178619861602783,1783764304.370133,Static,10.0,20012.05859375,nan,nan,54.429412841796875,nan
28.2411847114563,1783764304.4326978,Static,10.0,20012.12109375,nan,nan,62.63208770751953,nan
28.273396968841553,1783764304.46491,Static,10.0,20012.15234375,nan,nan,32.1590576171875,nan
28.34276795387268,1783764304.534281,Static,10.0,20012.22265625,nan,nan,69.38013458251953,nan
28.373862266540527,1783764304.5653753,Static,10.0,20012.25390625,nan,nan,31.1276912689209,nan
28.43149709701538,1783764304.6230102,Static,10.0,20012.310546875,nan,nan,57.66869354248047,nan
28.473891973495483,1783764304.665405,Static,10.0,20012.353515625,nan,nan,42.328468322753906,nan
28.537501096725464,1783764304.7290142,Static,10.0,20012.416015625,nan,nan,63.696685791015625,nan
28.593296766281128,1783764304.7848098,Static,10.0,20012.47265625,nan,nan,55.74057388305664,nan
28.62501096725464,1783764304.816524,Static,10.0,20012.50390625,nan,nan,31.64374542236328,nan
28.67467713356018,1783764304.8661902,Static,10.0,20012.5546875,nan,nan,49.73725509643555,nan
28.724721908569336,1783764304.916235,Static,10.0,20012.603515625,nan,nan,49.84611511230469,nan
28.774688482284546,1783764304.9662015,Static,10.0,20012.654296875,nan,nan,50.07203674316406,nan
28.83003044128418,1783764305.0215435,Static,10.0,20012.708984375,nan,nan,55.070220947265625,nan
28.8756844997406,1783764305.0671976,Static,10.0,20012.75390625,nan,nan,45.89054870605469,nan
28.925194025039673,1783764305.116707,Static,10.0,20012.8046875,nan,nan,49.525760650634766,nan
28.975602626800537,1783764305.1671157,Static,10.0,20012.85546875,nan,nan,50.50394058227539,nan
29.027297973632812,1783764305.218811,Static,10.0,20012.90625,nan,nan,51.605247497558594,nan
29.075804948806763,1783764305.267318,Static,10.0,20012.955078125,nan,nan,48.56277847290039,nan
29.13172483444214,1783764305.323238,Static,10.0,20013.01171875,nan,nan,55.92573165893555,nan
29.175650596618652,1783764305.3671637,Static,10.0,20013.0546875,nan,nan,43.99596405029297,nan
29.226014614105225,1783764305.4175277,Static,10.0,20013.10546875,nan,nan,50.32145690917969,nan
29.276678800582886,1783764305.4681919,Static,10.0,20013.15625,nan,nan,50.6888313293457,nan
29.33446955680847,1783764305.5259826,Static,10.0,20013.212890625,nan,nan,57.67753219604492,nan
29.376134872436523,1783764305.567648,Static,10.0,20013.255859375,nan,nan,41.6577262878418,nan
29.426163911819458,1783764305.617677,Static,10.0,20013.3046875,nan,nan,50.10496139526367,nan
29.476346254348755,1783764305.6678593,Static,10.0,20013.35546875,nan,nan,50.189064025878906,nan
29.52892231941223,1783764305.7204354,Static,10.0,20013.408203125,nan,nan,52.21577072143555,nan
29.57687473297119,1783764305.7683878,Static,10.0,20013.45703125,nan,nan,48.34885025024414,nan
29.62756872177124,1783764305.8190818,Static,10.0,20013.505859375,nan,nan,50.683109283447266,nan
29.676901817321777,1783764305.8684149,Static,10.0,20013.556640625,nan,nan,49.24560546875,nan
29.72797656059265,1783764305.9194896,Static,10.0,20013.607421875,nan,nan,51.16862487792969,nan
29.77705669403076,1783764305.9685698,Static,10.0,20013.65625,nan,nan,49.0875244140625,nan
29.828064680099487,1783764306.0195777,Static,10.0,20013.70703125,nan,nan,50.890968322753906,nan
29.877915620803833,1783764306.0694287,Static,10.0,20013.7578125,nan,nan,49.930477142333984,nan
29.927433490753174,1783764306.1189466,Static,10.0,20013.806640625,nan,nan,49.474788665771484,nan
29.97817373275757,1783764306.1696868,Static,10.0,20013.857421875,nan,nan,50.44676208496094,nan
30.027662992477417,1783764306.219176,Static,10.0,20013.90625,nan,nan,49.77595138549805,nan
30.08086848258972,1783764306.2723815,Static,10.0,20013.9609375,nan,nan,53.21513366699219,nan
30.1287682056427,1783764306.3202813,Static,10.0,20014.0078125,nan,nan,47.885963439941406,nan
30.182730674743652,1783764306.3742437,Static,10.0,20014.0625,nan,nan,53.94191360473633,nan
30.228784561157227,1783764306.4202976,Static,10.0,20014.107421875,nan,nan,46.13107681274414,nan
30.28570294380188,1783764306.477216,Static,10.0,20014.1640625,nan,nan,56.992034912109375,nan
30.32890796661377,1783764306.520421,Static,10.0,20014.20703125,nan,nan,42.973968505859375,nan
30.388535499572754,1783764306.5800486,Static,10.0,20014.267578125,nan,nan,59.85382080078125,nan
30.432671308517456,1783764306.6241844,Static,10.0,20014.3125,nan,nan,44.0837516784668,nan
30.479461431503296,1783764306.6709745,Static,10.0,20014.359375,nan,nan,46.70668411254883,nan
30.53423285484314,1783764306.725746,Static,10.0,20014.4140625,nan,nan,54.82306671142578,nan
30.5829176902771,1783764306.7744308,Static,10.0,20014.462890625,nan,nan,48.62367630004883,nan
30.62917947769165,1783764306.8206925,Static,10.0,20014.5078125,nan,nan,45.94761276245117,nan
30.684221029281616,1783764306.875734,Static,10.0,20014.5625,nan,nan,55.495418548583984,nan
30.730243921279907,1783764306.921757,Static,10.0,20014.609375,nan,nan,45.79647445678711,nan
30.78642988204956,1783764306.977943,Static,10.0,20014.666015625,nan,nan,56.39683151245117,nan
30.82951593399048,1783764307.021029,Static,10.0,20014.708984375,nan,nan,43.092689514160156,nan
30.879384517669678,1783764307.0708976,Static,10.0,20014.7578125,nan,nan,49.85496520996094,nan
30.929440021514893,1783764307.120953,Static,10.0,20014.80859375,nan,nan,50.04458999633789,nan
30.97964382171631,1783764307.171157,Static,10.0,20014.859375,nan,nan,50.19313430786133,nan
31.029680252075195,1783764307.2211933,Static,10.0,20014.908203125,nan,nan,49.986515045166016,nan
31.079947471618652,1783764307.2714605,Static,10.0,20014.958984375,nan,nan,50.321189880371094,nan
31.13094973564148,1783764307.3224628,Static,10.0,20015.009765625,nan,nan,50.91255187988281,nan
31.185920238494873,1783764307.3774333,Static,10.0,20015.064453125,nan,nan,55.03460693359375,nan
31.23030996322632,1783764307.421823,Static,10.0,20015.109375,nan,nan,44.232547760009766,nan
31.280333042144775,1783764307.471846,Static,10.0,20015.16015625,nan,nan,50.21330261230469,nan
31.330531120300293,1783764307.5220442,Static,10.0,20015.208984375,nan,nan,50.2224235534668,nan
31.382853507995605,1783764307.5743666,Static,10.0,20015.26171875,nan,nan,52.23707962036133,nan
31.43104910850525,1783764307.6225622,Static,10.0,20015.310546875,nan,nan,48.21822738647461,nan
31.480904817581177,1783764307.6724179,Static,10.0,20015.359375,nan,nan,49.866546630859375,nan
31.531086683273315,1783764307.7225997,Static,10.0,20015.41015625,nan,nan,50.17970275878906,nan
31.580952882766724,1783764307.772466,Static,10.0,20015.4609375,nan,nan,49.88494873046875,nan
31.63187575340271,1783764307.8233888,Static,10.0,20015.51171875,nan,nan,50.92094802856445,nan
31.681926488876343,1783764307.8734396,Static,10.0,20015.560546875,nan,nan,50.03945541381836,nan
31.731962203979492,1783764307.9234753,Static,10.0,20015.611328125,nan,nan,49.9838981628418,nan
31.78132939338684,1783764307.9728425,Static,10.0,20015.66015625,nan,nan,49.323734283447266,nan
31.831631898880005,1783764308.023145,Static,10.0,20015.7109375,nan,nan,50.40448760986328,nan
31.887725353240967,1783764308.0792384,Static,10.0,20015.767578125,nan,nan,56.00175857543945,nan
31.93168830871582,1783764308.1232014,Static,10.0,20015.810546875,nan,nan,43.91681671142578,nan
31.981632709503174,1783764308.1731458,Static,10.0,20015.861328125,nan,nan,50.10505676269531,nan
32.03170704841614,1783764308.22322,Static,10.0,20015.91015625,nan,nan,50.08679962158203,nan
32.081886529922485,1783764308.2733996,Static,10.0,20015.9609375,nan,nan,50.17681884765625,nan
32.13287138938904,1783764308.3243845,Static,10.0,20016.01171875,nan,nan,50.991912841796875,nan
32.18413972854614,1783764308.3756528,Static,10.0,20016.0625,nan,nan,51.2020378112793,nan
32.232919216156006,1783764308.4244323,Static,10.0,20016.111328125,nan,nan,48.751373291015625,nan
32.282572507858276,1783764308.4740856,Static,10.0,20016.162109375,nan,nan,49.49005126953125,nan
32.33317232131958,1783764308.5246854,Static,10.0,20016.212890625,nan,nan,50.51539611816406,nan
32.38616466522217,1783764308.5776777,Static,10.0,20016.265625,nan,nan,53.05125427246094,nan
32.43698287010193,1783764308.628496,Static,10.0,20016.31640625,nan,nan,51.01131820678711,nan
32.48276376724243,1783764308.6742768,Static,10.0,20016.361328125,nan,nan,45.75055694580078,nan
32.537349700927734,1783764308.7288628,Static,10.0,20016.416015625,nan,nan,54.643463134765625,nan
32.58290910720825,1783764308.7744222,Static,10.0,20016.462890625,nan,nan,45.49972915649414,nan
32.6384334564209,1783764308.8299465,Static,10.0,20016.517578125,nan,nan,55.61239242553711,nan
32.683032751083374,1783764308.8745458,Static,10.0,20016.5625,nan,nan,44.59321594238281,nan
32.742897272109985,1783764308.9344103,Static,10.0,20016.62109375,nan,nan,59.755653381347656,nan
32.783249378204346,1783764308.9747624,Static,10.0,20016.662109375,nan,nan,40.39167404174805,nan
32.834699869155884,1783764309.026213,Static,10.0,20016.71484375,nan,nan,51.56610107421875,nan
32.88431000709534,1783764309.075823,Static,10.0,20016.763671875,nan,nan,49.55851745605469,nan
32.955507040023804,1783764309.14702,Static,10.0,20016.833984375,nan,nan,71.17001342773438,nan
32.98426604270935,1783764309.175779,Static,10.0,20016.86328125,nan,nan,28.82720947265625,nan
33.04984712600708,1783764309.2413602,Static,10.0,20016.9296875,nan,nan,65.26806640625,nan
33.08485460281372,1783764309.2763677,Static,10.0,20016.96484375,nan,nan,35.33774185180664,nan
33.142239809036255,1783764309.3337529,Static,10.0,20017.021484375,nan,nan,57.13520431518555,nan
33.18459224700928,1783764309.3761053,Static,10.0,20017.064453125,nan,nan,42.442909240722656,nan
33.2349591255188,1783764309.4264722,Static,10.0,20017.11328125,nan,nan,50.469478607177734,nan
33.28476333618164,1783764309.4762764,Static,10.0,20017.1640625,nan,nan,49.84788131713867,nan
33.334667921066284,1783764309.526181,Static,10.0,20017.212890625,nan,nan,49.844783782958984,nan
33.38467025756836,1783764309.5761833,Static,10.0,20017.263671875,nan,nan,50.09928894042969,nan
33.43583345413208,1783764309.6273465,Static,10.0,20017.314453125,nan,nan,51.134647369384766,nan
